"Artigo: ","Autor: ","Página","Edição: ","Categoria: ","Componentes: ","Notas: ","Data: "
"Ajuste o Contrôle de Altura de seu Televisor",,57,"1,1",,,,"Maio 1956"
"Alisando Fio Grosso","Idéias Práticas",20,"1,1",,,,"Maio 1956"
"Almofada de Lixa","Idéias Práticas",15,"1,1",,,,"Maio 1956"
"Alta-Fidelidade Mirim","Paul Popenoe Jr",26,"1,1",,,,"Maio 1956"
"Aperfeiçoando Alicates de Corte","Idéias Práticas",15,"1,1",,,,"Maio 1956"
"Apresentando Eletrônica Popular","G. A. Penna",9,"1,1",,,,"Maio 1956"
"Bateria Solar",,53,"1,1",,,,"Maio 1956"
"Blindagem Miniatura","Idéias Práticas",62,"1,1",,,,"Maio 1956"
"Carga Versátil para o seu Transmissor","Idéias Práticas",58,"1,1",,,,"Maio 1956"
"Como Consertar Rádios",,31,"1,1",,,,"Maio 1956"
"Como Funciona o Radar","G. Louis Enegue",38,"1,1",,,,"Maio 1956"
"Como Tirar a Malha de Blindagem","Idéias Práticas",20,"1,1",,,,"Maio 1956"
"Como Usar Lâmpadas Neon",,43,"1,1",,,,"Maio 1956"
"Diga-Me Porque",,66,"1,1",,,,"Maio 1956"
"Equivalências e Substituições",,71,"1,1",,,,"Maio 1956"
"Escolhendo Antenas de TV","Charles Tepfer",22,"1,1",,,,"Maio 1956"
"Fôrmas de Bobinas Baratas","Idéias Práticas",30,"1,1",,,,"Maio 1956"
"Indicador de Curto-Circuito","Idéias Práticas",48,"1,1",,,,"Maio 1956"
"Juca e Chico - Experimentadores Eletrônicos Associados","John T. Frye",46,"1,1",,,,"Maio 1956"
"Lãmpadas Que Piscam","Edgar D. Morgan",34,"1,1",,,,"Maio 1956"
"Moderno Chassi Universal",,50,"1,1",,,,"Maio 1956"
"Nomograma para Resitores em Paralelo",,65,"1,1",,,,"Maio 1956"
"Nossa Cartilha",,59,"1,1",,,,"Maio 1956"
"Nosso Teste",,62,"1,1",,,,"Maio 1956"
"Para a Ponta de Prova","Idéias Práticas",17,"1,1",,,,"Maio 1956"
"Para Cortar Parafusos","Idéias Práticas",39,"1,1",,,,"Maio 1956"
"Passando o Cabo Através da Vidraça","Idéias Práticas",55,"1,1",,,,"Maio 1956"
"Provador de Continuidade","Idéias Práticas",36,"1,1",,,,"Maio 1956"
"Radar para Pequenas Embarcações",,21,"1,1",,,,"Maio 1956"
"Rápida Ligação de Massa","Idéias Práticas",15,"1,1",,,,"Maio 1956"
"Rematando Cabos","Idéias Práticas",42,"1,1",,,,"Maio 1956"
"Sonofletor de Construção Caseira","Abraham B. Cohen",40,"1,1",,,,"Maio 1956"
"Tabuleiro para Escolher Miudezas","Idéias Práticas",42,"1,1",,,,"Maio 1956"
"Um Excelente Receptor de Cristal","F",18,"1,1",,,,"Maio 1956"
"Um Treinador de Telegrafia","Arthur Trauffer",25,"1,1",,,,"Maio 1956"
"Uma Emissora Doméstica","Louis E. Garner Jr.",11,"1,1",,,,"Maio 1956"
"Varas de Madeira para a Oficina","Idéias Práticas",30,"1,1",,,,"Maio 1956"
"Velho Demais para Aprender Televisão?","Jack Wilson",16,"1,1",,,,"Maio 1956"
"Ajustando o Aeromodelo Telecomandado","William Winter",84,"1,2",,,,"Junho 1956"
"Ajuste o Contrôle de Largura de seu Televisor",,114,"1,2",,,,"Junho 1956"
"Babá Eletrônica","Byron G. Wells",82,"1,2",,,,"Junho 1956"
"Carretéis para Cabinhos de Ligações",,112,"1,2",,,,"Junho 1956"
"Como Calibrar Receptores",,95,"1,2",,,,"Junho 1956"
"Como Recuperar e Trocar Seus Potenciômetros","H. Leeper",104,"1,2",,,,"Junho 1956"
"Como Usar o Osciloscópio",,109,"1,2",,,,"Junho 1956"
"Diga-Me Porque",,130,"1,2",,,,"Junho 1956"
"Equipamento para Rádio-Contrôle","E. L. Safford Jr.",102,"1,2",,,,"Junho 1956"
"Equivalências e Substituições",,135,"1,2",,,,"Junho 1956"
"Fazendo Cantoneiras em L",,98,"1,2",,,,"Junho 1956"
"Juca e Chico - Células Fotoelétricas","John T. Frye",121,"1,2",,,,"Junho 1956"
"Lâmpadas Neon e Suas Aplicações","E. D. Morgan",99,"1,2",,,,"Junho 1956"
"Metônomo com Lâmpada Neon","Harvey Pollack",106,"1,2",,,,"Junho 1956"
"Modo Rápido e Fácil de Furar Plásticos",,120,"1,2",,,,"Junho 1956"
"Monte Este Treinador de Telegrafia",,118,"1,2",,,,"Junho 1956"
"Nomograma-E, I, R, P",,88,"1,2",,,,"Junho 1956"
"Nossa Cartilha",,125,"1,2",,,,"Junho 1956"
"Nosso Teste",,128,"1,2",,,,"Junho 1956"
"Obturações-Sem Dor!","P B. Hoefer",93,"1,2",,,,"Junho 1956"
"Para Guardar Condutores de Prova",,120,"1,2",,,,"Junho 1956"
"Posto de Comando do Futuro",,116,"1,2",,,,"Junho 1956"
"Soldando Pequenas Peças",,113,"1,2",,,,"Junho 1956"
"Transmissor de 0,4 Watt para Comunicados Locais",,112,"1,2",,,,"Junho 1956"
"Um Compacto Sistema de Fonoclama",,89,"1,2",,,,"Junho 1956"
"Verificador de Intermitentes",,113,"1,2",,,,"Junho 1956"
"A Alta Fidelidade Como Passatempo","John O. Goodell e John O. Fundingsland",145,"1,3",,,,"Julho 1956"
"A Eletrônica Ajuda a Ciência Internacional",,176,"1,3",,,,"Julho 1956"
"Arruela de Passagem para Cordão de Alimentação Chato",,194,"1,3",,,,"Julho 1956"
"Como Funciona a Fotocélula",,167,"1,3",,,,"Julho 1956"
"Como Provar Capacitores de Rádio e TV",,174,"1,3",,,,"Julho 1956"
"Como Trabalhar em Chassis Pequenos",,166,"1,3",,,,"Julho 1956"
"Construa Este Ondâmetro de Absorção",,164,"1,3",,,,"Julho 1956"
"Construa o seu Toca-Discos",,169,"1,3",,,,"Julho 1956"
"Cuide dos Seus Medidores","H. Leeper",155,"1,3",,,,"Julho 1956"
"Diga-Me Porque",,197,"1,3",,,,"Julho 1956"
"Enrole Suas Bobinas",,158,"1,3",,,,"Julho 1956"
"Equivalências & Substituições",,200,"1,3",,,,"Julho 1956"
"Examinando e Trocando Cápsulas Fonográficas",,162,"1,3",,,,"Julho 1956"
"Juca e Chico : Espantalho Eletrôico Doméstico","John T. Frye",185,"1,3",,,,"Julho 1956"
"Nossa Cartilha",,191,"1,3",,,,"Julho 1956"
"Nosso Teste",,193,"1,3",,,,"Julho 1956"
"O Chassis para o Rádio-Construtor",,172,"1,3",,,,"Julho 1956"
"O Novo Sniperscope",,156,"1,3",,,,"Julho 1956"
"Para Guardar Pequenas Peças",,166,"1,3",,,,"Julho 1956"
"Pletismógrafo Fotoelétrico",,161,"1,3",,,,"Julho 1956"
"Preparando o Chassi",,180,"1,3",,,,"Julho 1956"
"Provando Resistores",,168,"1,3",,,,"Julho 1956"
"Telecomando - Códigos e Escapamentos",,182,"1,3",,,,"Julho 1956"
"Um Alto-Falante Universal de Prova para a Oficina",,177,"1,3",,,,"Julho 1956"
"Um Apito Eletrônico para o seu Trenzinho",,152,"1,3",,,,"Julho 1956"
"Um Provador Útil na Oficina",,150,"1,3",,,,"Julho 1956"
"Almofadas de Fones Baratas",,238,"1,4",,,,"Agosto 1956"
"Apertando a Cinta da Máscara de Segurança",,241,"1,4",,,,"Agosto 1956"
"Cavaletes para Fios",,216,"1,4",,,,"Agosto 1956"
"Como Fazer Furos Grandes em Chassis Metálicos",,220,"1,4",,,,"Agosto 1956"
"Como Produzir Efeitos Sonoros","Louix E. Garner Jr",234,"1,4",,,,"Agosto 1956"
"Construa Esta Útil Caixa de Prova",,242,"1,4",,,,"Agosto 1956"
"Cuide de Suas Fitas Magnéticas","Eugene F. Coriell",214,"1,4",,,,"Agosto 1956"
"Diga-Me Porque",,254,"1,4",,,,"Agosto 1956"
"Equivalências e Substituições",,256,"1,4",,,,"Agosto 1956"
"Escapamentos de 3 e 4 Pernas",,239,"1,4",,,,"Agosto 1956"
"Indicador de Polaridade para Diodos de Cristal",,219,"1,4",,,,"Agosto 1956"
"Juca e Chico - Gravação das Arábias","John T. Frye",247,"1,4",,,,"Agosto 1956"
"Montagem Flutuante para Suportes",,241,"1,4",,,,"Agosto 1956"
"Não Perca Peças Miúdas",,238,"1,4",,,,"Agosto 1956"
"Nossa Cartilha",,252,"1,4",,,,"Agosto 1956"
"Nosso Teste",,253,"1,4",,,,"Agosto 1956"
"O Caçador de Submarinos",,223,"1,4",,,,"Agosto 1956"
"O Ôlho Mágico-Como Funciona","E. Bukstein",232,"1,4",,,,"Agosto 1956"
"Ouvido Eletrônico","Louis E. Garner Jr.",224,"1,4",,,,"Agosto 1956"
"Quer Aprende Telegrafia?","Robert Hertzberg",217,"1,4",,,,"Agosto 1956"
"Saiba Escolher o Relé","Harvey Pollack",229,"1,4",,,,"Agosto 1956"
"Trabalhando em Painéis Acabados",,216,"1,4",,,,"Agosto 1956"
"Um Transmissor para o Novato","Rufus P. Turner",210,"1,4",,,,"Agosto 1956"
"Como Consertar o seu Relógio Elétrico",,281,"1,5",,,,"Setembro 1956"
"Como Dobrar e Trabalhar Chapas Metálicas",,278,"1,5",,,,"Setembro 1956"
"Como Fazer Conexões Rápidas",,294,"1,5",,,,"Setembro 1956"
"Como Funcionam as Válvulas de Raios Catódicos",,272,"1,5",,,,"Setembro 1956"
"Construa Este Metrônomo Eletrônico",,284,"1,5",,,,"Setembro 1956"
"Construa Um Relé Capacitivo","Harvey Pollack",289,"1,5",,,,"Setembro 1956"
"Diga-Me Porque",,315,"1,5",,,,"Setembro 1956"
"Eis o Transistor",,287,"1,5",,,,"Setembro 1956"
"Equivalências e Substituições",,319,"1,5",,,,"Setembro 1956"
"Fabricação de Fitas Magnéticas",,276,"1,5",,,,"Setembro 1956"
"Identificando as Ligações de Transformadores",,293,"1,5",,,,"Setembro 1956"
"Juca e Chico - Televisão Marciana",,301,"1,5",,,,"Setembro 1956"
"Limpando o Chassi",,306,"1,5",,,,"Setembro 1956"
"Manuseando Fios de Suporte",,275,"1,5",,,,"Setembro 1956"
"Monitor-Frequencímetro para Estações de Amador",,295,"1,5",,,,"Setembro 1956"
"Nossa Cartilha",,309,"1,5",,,,"Setembro 1956"
"Nosso Teste",,310,"1,5",,,,"Setembro 1956"
"O Fogão Eletrônico",,269,"1,5",,,,"Setembro 1956"
"O Maior Calculador de Rêdes Elétricas do Mundo",,292,"1,5",,,,"Setembro 1956"
"O Que Ouvimos",,282,"1,5",,,,"Setembro 1956"
"Um Receptor Galena",,299,"1,5",,,,"Setembro 1956"
"Uma Blindagem Versátil",,298,"1,5",,,,"Setembro 1956"
"Uma Carabina Eletrônica para Tiro Ao Alvo","Byron G. Wels",265,"1,5",,,,"Setembro 1956"
"Abaco para Bobinas de Uma Camada",,365,"1,6",,,,"Outubro 1956"
"Ajustando o Avião Motorizado","William Winter",334,"1,6",,,,"Outubro 1956"
"Como Preservar Suas Gravações Magnetofônicas","J. A. Mcroberts",348,"1,6",,,,"Outubro 1956"
"Construa Um Contador Geiger","Harold Renne",338,"1,6",,,,"Outubro 1956"
"Diga-Me Porque",,379,"1,6",,,,"Outubro 1956"
"Eliminando Rádio-Interferências em Automóveis",,353,"1,6",,,,"Outubro 1956"
"Equivalências e Substituições",,382,"1,6",,,,"Outubro 1956"
"Espaguete de Baixo Custo",,378,"1,6",,,,"Outubro 1956"
"Fonte de Alimentação E-P,1",,329,"1,6",,,,"Outubro 1956"
"Instalando Entrada Fono em Receptores de Cabeceira","Byron G. Wells",347,"1,6",,,,"Outubro 1956"
"Juca e Chico - Televisão Hidráulica","John T. Frye",367,"1,6",,,,"Outubro 1956"
"Milagres Eletrônicos do Futuro",,341,"1,6",,,,"Outubro 1956"
"Nossa Cartilha",,373,"1,6",,,,"Outubro 1956"
"Nosso Teste",,376,"1,6",,,,"Outubro 1956"
"O Decibel",,356,"1,6",,,,"Outubro 1956"
"O Provador","Clinton E. Clark",350,"1,6",,,,"Outubro 1956"
"Para Prender o Cordão de Alimentação",,371,"1,6",,,,"Outubro 1956"
"Princípios dos Circuitos de CC",,332,"1,6",,,,"Outubro 1956"
"Reparando Alto-Falantes",,344,"1,6",,,,"Outubro 1956"
"Reprodução de Alta-Fidelidade: Zoada","Bert Whyte",354,"1,6",,,,"Outubro 1956"
"Um Foto-Relé Sensível","Harvey Pollack",361,"1,6",,,,"Outubro 1956"
"Um Medidor de Umidade","Richard C. Saunders",359,"1,6",,,,"Outubro 1956"
"Analisador Elétrico X Analisador Eletrônico",,419,"1,7",,,,"Novembro 1956"
"Cintilante Árvore de Natal","E. D. Morgan",414,"1,7",,,,"Novembro 1956"
"Como Interpretar Diagramas",,404,"1,7",,,,"Novembro 1956"
"Como Rematar Cabos Blindados",,418,"1,7",,,,"Novembro 1956"
"Conserve Limpos os Contatos",,444,"1,7",,,,"Novembro 1956"
"Diga-Me Porque",,446,"1,7",,,,"Novembro 1956"
"Emendando Cabos Geminados de TV","W. Boyd",427,"1,7",,,,"Novembro 1956"
"Equivalências e Substituições",,448,"1,7",,,,"Novembro 1956"
"Instalações de Telecomando","Wiliam Winter",410,"1,7",,,,"Novembro 1956"
"Interruptor Automático para o Lar","Louis E. Garner Jr.",395,"1,7",,,,"Novembro 1956"
"Juca e Chico - Cupido Eletrônico",,433,"1,7",,,,"Novembro 1956"
"Microfones de Construção Caseira",,422,"1,7",,,,"Novembro 1956"
"Nossa Cartilha",,439,"1,7",,,,"Novembro 1956"
"Nosso Teste",,441,"1,7",,,,"Novembro 1956"
"Para Medir L Ou C","Rufus P. Turner",428,"1,7",,,,"Novembro 1956"
"Som Estereofônico","Norman Eisenberg",399,"1,7",,,,"Novembro 1956"
"Aproveite as Aparas dos Furos no Chassi",,499,"1,8",,,,"Dezembro 1956"
"Chave de Fenda Isolada",,474,"1,8",,,,"Dezembro 1956"
"Como Limpar Limas Eletricamente",,471,"1,8",,,,"Dezembro 1956"
"Como Provar Rádios Portáteis",,482,"1,8",,,,"Dezembro 1956"
"Como Soldar",,472,"1,8",,,,"Dezembro 1956"
"Construa Um Detetor de Mentiras",,475,"1,8",,,,"Dezembro 1956"
"Equivalências e Substituições",,509,"1,8",,,,"Dezembro 1956"
"Escapamentos Compostos e Servomotores","E. L. Safford Jr.",468,"1,8",,,,"Dezembro 1956"
"Experiências com Thyratrons","Harvey Pollack",484,"1,8",,,,"Dezembro 1956"
"Fonte de Alimentação Dupla","Wallace R. Mitten",467,"1,8",,,,"Dezembro 1956"
"Gravador Magnetofônico Miniatura",,479,"1,8",,,,"Dezembro 1956"
"Índice Geral do Volume 1",,511,"1,8",,,,"Dezembro 1956"
"Juca e Chico - Em Eletricidade-Seguro Morreu de Velho",,496,"1,8",,,,"Dezembro 1956"
"Ligue À Terra sua Antena de TV","Bruce C. Vaughan Jr.",494,"1,8",,,,"Dezembro 1956"
"Luz Que Fala","Elbert Robberson",461,"1,8",,,,"Dezembro 1956"
"Modulador Simples para Microfone de Carvão",,471,"1,8",,,,"Dezembro 1956"
"Nossa Cartilha",,501,"1,8",,,,"Dezembro 1956"
"Para Identificar Ferramentas",,488,"1,8",,,,"Dezembro 1956"
"Reprodução de Alta-Fidelidade-Ruído Fonográfico","Bert Whyte",480,"1,8",,,,"Dezembro 1956"
"Seja Um Técnico de Televisão",,505,"1,8",,,,"Dezembro 1956"
"Um Excelente Relé de Tempo para Fotografia",,489,"1,8",,,,"Dezembro 1956"
"Adaptando Alto-Falantes de Extensão",,44,"2,1",,,,"Janeiro 1957"
"Adaptando Fones a Rádios e Televisores","Lloyd B. Hust",34,"2,1",,,,"Janeiro 1957"
"Aproveite as Garras das Baterias",,30,"2,1",,,,"Janeiro 1957"
"Como Adaptar Toca-Discos Comuns para Lp","Arthur Trauffer",22,"2,1",,,,"Janeiro 1957"
"Como Provar os Filamentos das Válvulas",,39,"2,1",,,,"Janeiro 1957"
"Compre Outra Seringa",,30,"2,1",,,,"Janeiro 1957"
"Detetor de Cupim","Robert F. Ames",47,"2,1",,,,"Janeiro 1957"
"Diga-Me Porque",,59,"2,1",,,,"Janeiro 1957"
"Equivalências e Substituições",,62,"2,1",,,,"Janeiro 1957"
"Filtro Simples para Interferência em TV","Walter H. Buchsbaum",40,"2,1",,,,"Janeiro 1957"
"Fôrmas de Bobinas Intercambiáveis",,21,"2,1",,,,"Janeiro 1957"
"Juca e Chico - Do Detetor de Mentiras Ao Osciloscópio","John T. Frye",48,"2,1",,,,"Janeiro 1957"
"Localizando Filamentos Abertos em Receptores de CA /CC",,35,"2,1",,,,"Janeiro 1957"
"Luz Que Fala (conclusão)","Elbert Robberson",24,"2,1",,,,"Janeiro 1957"
"Mantenha seu Rádio Portátil em Perfeitas Condições",,42,"2,1",,,,"Janeiro 1957"
"Minuteria de Precisão para Fotógrafos","Harvey Pollack",36,"2,1",,,,"Janeiro 1957"
"Nossa Cartilha",,53,"2,1",,,,"Janeiro 1957"
"Nosso Teste",,57,"2,1",,,,"Janeiro 1957"
"Pilhas em Série",,57,"2,1",,,,"Janeiro 1957"
"Proteção para Lâmpadas Neon",,57,"2,1",,,,"Janeiro 1957"
"Protegendo Antenas de Quadro",,16,"2,1",,,,"Janeiro 1957"
"Restaurando Pilhas Secas","Paul F. Runge",15,"2,1",,,,"Janeiro 1957"
"Som Silencioso","Louis E. Garner Jr.",17,"2,1",,,,"Janeiro 1957"
"Transmissor Miniatura para Telecomando","Murray Feigenbaum",31,"2,1",,,,"Janeiro 1957"
"Um Transmissor Simples","H. B. Smith",11,"2,1",,,,"Janeiro 1957"
"A Ciência Mede Um Músculo Cardíaco",,110,"2,2",,,,"Fevereiro 1957"
"Aproveite o Transformador Defeituoso",,77,"2,2",,,,"Fevereiro 1957"
"Áudio-Frequencímetro Simples",,98,"2,2",,,,"Fevereiro 1957"
"Calor Sem Fogo",,93,"2,2",,,,"Fevereiro 1957"
"Como Amarrar Fios e Cabos",,76,"2,2",,,,"Fevereiro 1957"
"Construa Um Eletroscópio","Rufus P. Turner",83,"2,2",,,,"Fevereiro 1957"
"Desligue o Resistor a Provar",,82,"2,2",,,,"Fevereiro 1957"
"Diga-Me Porque",,123,"2,2",,,,"Fevereiro 1957"
"Equivalências e Substituições",,126,"2,2",,,,"Fevereiro 1957"
"Juca e Chico - Com Fantasma Não Se Brinca","John T. Frye",112,"2,2",,,,"Fevereiro 1957"
"Lá Vem Água! Monte Um Alarma Contra Chuva","Eugene Richardson",72,"2,2",,,,"Fevereiro 1957"
"Ligando Chassis",,97,"2,2",,,,"Fevereiro 1957"
"Não Dispense as Blindagens das Válvulas",,90,"2,2",,,,"Fevereiro 1957"
"Nossa Cartilha",,119,"2,2",,,,"Fevereiro 1957"
"Nosso Teste",,121,"2,2",,,,"Fevereiro 1957"
"O Cintilômetro","Ed Bukstein",80,"2,2",,,,"Fevereiro 1957"
"Para Dobrar Chassis Grandes",,90,"2,2",,,,"Fevereiro 1957"
"Pesqueiro Eletrônico",,105,"2,2",,,,"Fevereiro 1957"
"Provando Rádio-Relógios","H. Leeper",108,"2,2",,,,"Fevereiro 1957"
"Reprodução de Alta-Fidelidade-Zumbido","Bert Whyte",86,"2,2",,,,"Fevereiro 1957"
"Segurança dos Aeromodelos Telecomandados","William Winter",101,"2,2",,,,"Fevereiro 1957"
"Soldando Pinos de Fôrmas de Bobina",,97,"2,2",,,,"Fevereiro 1957"
"Tôrno Universal para Pequenas Peças",,91,"2,2",,,,"Fevereiro 1957"
"Um Rádio Triangular","Elton V. Stolberg",88,"2,2",,,,"Fevereiro 1957"
"Útil Suporte de Ferramentas",,122,"2,2",,,,"Fevereiro 1957"
"A Linguagem dos Esquemas","George Berry",162,"2,3",,,,"Março 1957"
"A TV no Estacionamento de Carros",,168,"2,3",,,,"Março 1957"
"Alarme Operado Pela Voz","Nathan Green",150,"2,3",,,,"Março 1957"
"Antenna,340",,190,"2,3",,,,"Março 1957"
"Bateria Nuclear de Quilovolts",,160,"2,3",,,,"Março 1957"
"Cobrindo com Tela o Furo do Alto-Falante",,149,"2,3",,,,"Março 1957"
"Como Limpar Limas",,161,"2,3",,,,"Março 1957"
"Conheça os Gravadores de Fita","Leon Wortman",154,"2,3",,,,"Março 1957"
"Construa Este Contador Geiger de 700v",,136,"2,3",,,,"Março 1957"
"Diga-Me Porque",,189,"2,3",,,,"Março 1957"
"Distorção no Equipamento de Hi-Fi (I)","Norman H. Crowhurst",173,"2,3",,,,"Março 1957"
"Equivalências e Substituições",,190,"2,3",,,,"Março 1957"
"Fabricação Automática de Transistores",,143,"2,3",,,,"Março 1957"
"Faça em Casa o seu Chassi","Richard C. Launders",158,"2,3",,,,"Março 1957"
"Juca e Chico - Armadilha Eletrônica","John T. Frye",176,"2,3",,,,"Março 1957"
"Misturador Simples","Louis E. Garner Jr",165,"2,3",,,,"Março 1957"
"Nossa Capa",,192,"2,3",,,,"Março 1957"
"Nossa Cartilha",,183,"2,3",,,,"Março 1957"
"Nosso Teste",,186,"2,3",,,,"Março 1957"
"Nova Antena Ferromagnética","E. D. Morgan",146,"2,3",,,,"Março 1957"
"Onde Comprar",,190,"2,3",,,,"Março 1957"
"Para Desapertar Parafusos Philips",,157,"2,3",,,,"Março 1957"
"Para Prender Chassis",,142,"2,3",,,,"Março 1957"
"Protetor para Broca",,157,"2,3",,,,"Março 1957"
"Reprodução de Alta-Fidelidade-Ressonância do Sonofletor","Bert Whyte",148,"2,3",,,,"Março 1957"
"Segurança de Aeromodelos-Escapamentos e Baterias","William Winter",169,"2,3",,,,"Março 1957"
"Um Receptor Cervejodino","Maynard Kernahan",145,"2,3",,,,"Março 1957"
"A Bancada do Experimentador","Philip Bridges",230,"2,4",,,,"Abril 1957"
"Adaptador para Isolar o Microfone",,221,"2,4",,,,"Abril 1957"
"Agulhas de Diamante para Hi-Fi","E. J. Marcus",226,"2,4",,,,"Abril 1957"
"Antenna,342",,256,"2,4",,,,"Abril 1957"
"Assobiador Eletrônico","Rufus P. Turner",201,"2,4",,,,"Abril 1957"
"Como Instalar Pára-Raios","Elbert Robberson",212,"2,4",,,,"Abril 1957"
"Distorção no Equipamento de Hi-Fi","Norman H. Crowhurst",205,"2,4",,,,"Abril 1957"
"Do Microfone À Cabeça Gravadora Magnetrõnica","Leon Wortman",232,"2,4",,,,"Abril 1957"
"Equivalências e Substituições",,254,"2,4",,,,"Abril 1957"
"Foto-Relé com Thyratron",,208,"2,4",,,,"Abril 1957"
"Gerador Senoidal Transistorizado","Louis E. Garner Jr",222,"2,4",,,,"Abril 1957"
"Isolador Improvisado com Uma Caixinha de Válvulas",,219,"2,4",,,,"Abril 1957"
"Juca e Chico - Realimentação Negativa em Ação","John T. Frye",241,"2,4",,,,"Abril 1957"
"Medidor de Intensidade de Campo para Telecomando","Paul F. Runge",216,"2,4",,,,"Abril 1957"
"Nossa Capa",,256,"2,4",,,,"Abril 1957"
"Nossa Cartilha",,249,"2,4",,,,"Abril 1957"
"Nosso Teste",,253,"2,4",,,,"Abril 1957"
"Onde Comprar",,254,"2,4",,,,"Abril 1957"
"Provador de Flash Eletrônico","Harvey Pollack",215,"2,4",,,,"Abril 1957"
"Que É Um Watt de Áudio","Eugene F. Coriell",220,"2,4",,,,"Abril 1957"
"Sintonizador Simples para Televisores","Homer L. Davidson",225,"2,4",,,,"Abril 1957"
"Telecomando em Botes Miniatura","William Winter",236,"2,4",,,,"Abril 1957"
"Antenna,344",,320,"2,5",,,,"Maio 1957"
"Captador Telefônico Transistorizado","George Berry",287,"2,5",,,,"Maio 1957"
"Como Acondicionar a Solda",,291,"2,5",,,,"Maio 1957"
"Construa o seu Medidor de Aplausos","Louis E. Garner Jr",263,"2,5",,,,"Maio 1957"
"Construa Suas Pontas de Soldar","Harvey Pollack",271,"2,5",,,,"Maio 1957"
"Construa Um Medidor de Decisão","Forrest H. Franz Sr.",274,"2,5",,,,"Maio 1957"
"Controlando o Brilho de Lâmpadas Fluorescentes","H. J. Carter",268,"2,5",,,,"Maio 1957"
"Diga-Me Porque",,317,"2,5",,,,"Maio 1957"
"Distorção no Equipamento de Hi-Fi (III)","Norman H. Crowhurst",277,"2,5",,,,"Maio 1957"
"Equivalências de Transistores",,273,"2,5",,,,"Maio 1957"
"Equivalências e Substituições",,318,"2,5",,,,"Maio 1957"
"Fita-Reprodução e Apagamento","Leon Wortman",292,"2,5",,,,"Maio 1957"
"Frequencímetro Improvisado",,273,"2,5",,,,"Maio 1957"
"Interessante Oscilador para Praticar Telegrafia","George Berry",295,"2,5",,,,"Maio 1957"
"Juca e Chico -Peixe Elétrico","John T. Frye",304,"2,5",,,,"Maio 1957"
"Lar do Século Xxi",,296,"2,5",,,,"Maio 1957"
"Nossa Cartilha",,311,"2,5",,,,"Maio 1957"
"Nosso Teste",,314,"2,5",,,,"Maio 1957"
"O Gigante de Uma Válvula","Rufus R. Turner",279,"2,5",,,,"Maio 1957"
"O Significado da Resposta de Frequência (I)","Norman H. Crowhurst",282,"2,5",,,,"Maio 1957"
"Onde Comprar",,318,"2,5",,,,"Maio 1957"
"Passatempos Eletrônicos","Harvey Pollack",301,"2,5",,,,"Maio 1957"
"Pistola de Flash B-C","Clinton E. Clark",299,"2,5",,,,"Maio 1957"
"Proteção para Lâmpadas Neon",,314,"2,5",,,,"Maio 1957"
"Protegendo sua Antena",,298,"2,5",,,,"Maio 1957"
"Provando Lâmpadas de Lanterna",,300,"2,5",,,,"Maio 1957"
"Sonofletor Econômico","David B. Weems",289,"2,5",,,,"Maio 1957"
"Válvulas Micro-Miniatura",,285,"2,5",,,,"Maio 1957"
"Alarma Foto-Elétrico Contra Ladrões","Guy Dexter",337,"2,6",,,,"Junho 1957"
"Antenna,346",,380,"2,6",,,,"Junho 1957"
"Áudio-Oscilador para Amadores","E. T. Kephart",352,"2,6",,,,"Junho 1957"
"Como Aplicar a Lei de Ohm","E. G. Louis",360,"2,6",,,,"Junho 1957"
"Deflagrador Telecomandado para Foto-Flash","Harvey Pollack",333,"2,6",,,,"Junho 1957"
"Diga-Me Porque",,378,"2,6",,,,"Junho 1957"
"Equivalências e Substituições",,380,"2,6",,,,"Junho 1957"
"Hi-Fi com Alto-Falante Barato","Jack Coriell",347,"2,6",,,,"Junho 1957"
"Índice Geral do Volume II",,383,"2,6",,,,"Junho 1957"
"Juca e Chico -Percepção Extra-Sensorial","John T. Frye",367,"2,6",,,,"Junho 1957"
"Melhorando o Transmissor para o Novato","Albert S. Flood Jr.",349,"2,6",,,,"Junho 1957"
"Nossa Cartilha",,372,"2,6",,,,"Junho 1957"
"Nosso Teste",,374,"2,6",,,,"Junho 1957"
"Novas Aplicações para o seu VOM","Rufus P. Turner",364,"2,6",,,,"Junho 1957"
"O Significado da Resposta de Frequência (II)","Norman H. Crowhurst",340,"2,6",,,,"Junho 1957"
"Onde Comprar",,380,"2,6",,,,"Junho 1957"
"Que Tal a Acústica de sua Sala?","Eugene F. Coriell",355,"2,6",,,,"Junho 1957"
"Suporte para Chassi","Louis E. Garner Jr.",342,"2,6",,,,"Junho 1957"
"A Eletrônica Capta Ondas Cerebrais","R. E. Atkinson",24,"3,1",,,,"Julho 1957"
"Antenna,348",,64,"3,1",,,,"Julho 1957"
"Banjo Eletrônico","Louis E. Garner Jr.",8,"3,1",,,,"Julho 1957"
"Conheça os Sonofletores","H. H. Fantel",26,"3,1",,,,"Julho 1957"
"Construa Um Pré-Seletor Multifaixas","Frank H. Tooker",37,"3,1",,,,"Julho 1957"
"Construindo Um Galvanoscópio",,44,"3,1",,,,"Julho 1957"
"Contrôles de Tonalidade em Hi-Fi","Leon Fields",11,"3,1",,,,"Julho 1957"
"Diga-Me Porque",,59,"3,1",,,,"Julho 1957"
"Equivalências e Substituições",,62,"3,1",,,,"Julho 1957"
"Examine os Fios de Entrada de Antena do Televisor",,62,"3,1",,,,"Julho 1957"
"Faça em Casa os Seus Capacitores","Elbert Robberson",42,"3,1",,,,"Julho 1957"
"Fonte de Alimentação para Transistores","Frank H. Tooker",21,"3,1",,,,"Julho 1957"
"Hi-Fi Numa Cômoda","L. E. Maahs",35,"3,1",,,,"Julho 1957"
"Isoladores Baratos",,23,"3,1",,,,"Julho 1957"
"Juca e Chico -Caçada Eletrônica","John T. Frye",47,"3,1",,,,"Julho 1957"
"Melhorando a Chave de Fenda",,20,"3,1",,,,"Julho 1957"
"Nossa Cartilha",,53,"3,1",,,,"Julho 1957"
"Nosso Teste",,55,"3,1",,,,"Julho 1957"
"O Significado da Resposta de Frequência","Norman H. Crowhurst",18,"3,1",,,,"Julho 1957"
"Onde Comprar",,62,"3,1",,,,"Julho 1957"
"Pés de Borracha Econômicos",,45,"3,1",,,,"Julho 1957"
"Receptor de Cristal de Emergência","Art Trauffer",15,"3,1",,,,"Julho 1957"
"Relógio Elétrico Permanente","Frank H. Tooker",16,"3,1",,,,"Julho 1957"
"Reparação do Cordão de Mostrador",,55,"3,1",,,,"Julho 1957"
"Transmissão em U. H. F. Além do Horizonte",,29,"3,1",,,,"Julho 1957"
"Um Áudio-Amplificador Sem Válvulas","Rufus P. Turner",30,"3,1",,,,"Julho 1957"
"Um Econômico Padrão de Frequência","Neil A. Johnson",32,"3,1",,,,"Julho 1957"
"Antenna,348",,128,"3,2",,,,"Agosto 1957"
"Balão Sonda Intercontinental","E. D. Morgan",106,"3,2",,,,"Agosto 1957"
"Cara Ou Coroa Eletrônico","Joseph Braunbeck",87,"3,2",,,,"Agosto 1957"
"Computador com Memória Controla Estoque",,119,"3,2",,,,"Agosto 1957"
"Conheça os Alto-Falantes","H. H. Fantel",77,"3,2",,,,"Agosto 1957"
"Construa sua Fotocélula","Rufus P. Turner",90,"3,2",,,,"Agosto 1957"
"Construa Um Rádio Regenodino","Frank H. Tooker",83,"3,2",,,,"Agosto 1957"
"Diga-Me Porque",,124,"3,2",,,,"Agosto 1957"
"Equivalências e Substituições",,128,"3,2",,,,"Agosto 1957"
"Fusível e Suporte de Emergência",,92,"3,2",,,,"Agosto 1957"
"Investigação de Sinal com Pouca Despesa","Rufus P. Turner",108,"3,2",,,,"Agosto 1957"
"Juca e Chico -O Segredo da Ilha","John T. Frye",112,"3,2",,,,"Agosto 1957"
"Ligando Um Gravador Ao seu Hi-Fi","R. S. Lanier",101,"3,2",,,,"Agosto 1957"
"Nossa Cartilha",,122,"3,2",,,,"Agosto 1957"
"Nosso Teste",,123,"3,2",,,,"Agosto 1957"
"Onde Comprar",,126,"3,2",,,,"Agosto 1957"
"Sonofletores Ressonantes","H. H. Fantel",93,"3,2",,,,"Agosto 1957"
"Tenha Boas Ferramentas na Oficina","H. Leeper",98,"3,2",,,,"Agosto 1957"
"Um Amplificador para Violão","Luis Vicens",72,"3,2",,,,"Agosto 1957"
"Um Essímetro para o seu Receptor","Donald L. Stoner",105,"3,2",,,,"Agosto 1957"
"Antena de Duas Faixas para o Novato","Donald L. Stoner",176,"3,3",,,,"Setembro 1957"
"Antenna,352",,184,"3,3",,,,"Setembro 1957"
"Apresentando o Octaédrico-Novo Sonofletor de Baixo Custo","J. H. Owens",138,"3,3",,,,"Setembro 1957"
"Ascensorista Eletrônico",,145,"3,3",,,,"Setembro 1957"
"Circuitos Recomendados para Ligação do Gravador","L. S. Lanier",155,"3,3",,,,"Setembro 1957"
"Construa Um Voltímetro Eletrônico","Richard Graham",164,"3,3",,,,"Setembro 1957"
"Cornetas Dobradas e de Carga","H. H. Fantel",146,"3,3",,,,"Setembro 1957"
"Diga-Me Porque",,181,"3,3",,,,"Setembro 1957"
"Equivalências e Substituições",,184,"3,3",,,,"Setembro 1957"
"Examine sua Antena de TV","Elliott March",168,"3,3",,,,"Setembro 1957"
"Juca e Chico - Música do Além","John T. Frye",169,"3,3",,,,"Setembro 1957"
"Nossa Cartilha",,177,"3,3",,,,"Setembro 1957"
"Nosso Teste",,178,"3,3",,,,"Setembro 1957"
"Onde Comprar",,182,"3,3",,,,"Setembro 1957"
"Rádio Portátil Prova Campainha",,167,"3,3",,,,"Setembro 1957"
"Solucionando o Mistério do Desastre do Jato","John L. Kent",143,"3,3",,,,"Setembro 1957"
"Sub-Chassi para Simplificar a Fiação","Allan M. Ferres",163,"3,3",,,,"Setembro 1957"
"Transformando em Rádio o Amplificador para Surdez","Gary Edson e F. E. Bassett",152,"3,3",,,,"Setembro 1957"
"Um Aguçador de Antena para Ondas Curtas","Frank H. Tooker",161,"3,3",,,,"Setembro 1957"
"Um Chassi Improvisado",,154,"3,3",,,,"Setembro 1957"
"Um Conversor para Ondas Curtas Ultra-Simplificado","Frank H. Tooker",159,"3,3",,,,"Setembro 1957"
"Um Detetor de Aproximação de Fácil Construção","Paul Harvey",135,"3,3",,,,"Setembro 1957"
"Um Regulador de Tensão",,167,"3,3",,,,"Setembro 1957"
"Um Transmissor Compacto","Elton V. Stolberg",150,"3,3",,,,"Setembro 1957"
"Antenna,354",,240,"3,4",,,,"Outubro 1957"
"Bigornas Improvisadas",,199,"3,4",,,,"Outubro 1957"
"Blindagens Experimentais",,216,"3,4",,,,"Outubro 1957"
"Brinquedos Eletrônicos para o Natal","E. G. Louis",189,"3,4",,,,"Outubro 1957"
"Comando À Distância com Rádio Pelos Fios","Richard J. Sandretto",206,"3,4",,,,"Outubro 1957"
"Como Arrematar Fios Paralelos",,216,"3,4",,,,"Outubro 1957"
"Diga-Me Porque",,237,"3,4",,,,"Outubro 1957"
"Dois É Melhor Que Um","H. H. Fantel",211,"3,4",,,,"Outubro 1957"
"Equivalências e Substituições",,238,"3,4",,,,"Outubro 1957"
"Experimente a Fita Magnética",,216,"3,4",,,,"Outubro 1957"
"Juca e Chico -Pescando Meia Dúzia","John T. Frye",222,"3,4",,,,"Outubro 1957"
"Ligando Pinos de Fone",,199,"3,4",,,,"Outubro 1957"
"Melhores Ligações para o Gravador de Fio","Richard H. Dubbe",218,"3,4",,,,"Outubro 1957"
"Metereologista Eletrônico","Herbert Reid",209,"3,4",,,,"Outubro 1957"
"Nossa Cartilha",,227,"3,4",,,,"Outubro 1957"
"Nosso Teste",,230,"3,4",,,,"Outubro 1957"
"Onde Comprar",,238,"3,4",,,,"Outubro 1957"
"Para Soldar Fio Fino",,215,"3,4",,,,"Outubro 1957"
"Receptor de Cristal para Debaixo do Telefone","Artthur Trauffer",217,"3,4",,,,"Outubro 1957"
"Sonofletores Híbridos","H. H. Fantel",200,"3,4",,,,"Outubro 1957"
"Um Pisca-Pisca para Sinalização","Lyman E. Greenlee",205,"3,4",,,,"Outubro 1957"
"A TV Desengarrafará o Tráfego",,259,"3,5",,,,"Novembro 1957"
"Antenna,356",,288,"3,5",,,,"Novembro 1957"
"Banho Ultra-Sônico para Peças",,258,"3,5",,,,"Novembro 1957"
"Câmara Anecóica",,258,"3,5",,,,"Novembro 1957"
"Construa o Theremin","Louis E. Garner Jr.",247,"3,5",,,,"Novembro 1957"
"Contrôle de Tonalidade para seu Gravador de Fita","Donald L. Stoner",260,"3,5",,,,"Novembro 1957"
"Diga-Me Porque",,285,"3,5",,,,"Novembro 1957"
"Equivalências e Substituições",,288,"3,5",,,,"Novembro 1957"
"Jaques de Pino de Fone Improvisados",,281,"3,5",,,,"Novembro 1957"
"Juca e Chico -Sombra Eletrônica","John T. Frye",273,"3,5",,,,"Novembro 1957"
"Júpiter e Vênus Emitem Ondas de Rádio","O. P. Ferrel",271,"3,5",,,,"Novembro 1957"
"Lâmpadas Pilôto Baratas",,260,"3,5",,,,"Novembro 1957"
"Nossa Cartilha",,282,"3,5",,,,"Novembro 1957"
"Nosso Teste",,284,"3,5",,,,"Novembro 1957"
"Onde Comprar",,286,"3,5",,,,"Novembro 1957"
"Os Cérebros Eletrônicos na Moderna Indústria","Herbert Reid",266,"3,5",,,,"Novembro 1957novembro 1957"
"Para Fechar Hermeticamente Vidros com Produtos Químicos",,264,"3,5",,,,"Novembro 1957"
"Quando Usar Retificadores de Selênio Lembre-Se Disto","E. G. Louis",265,"3,5",,,,"Novembro 1957"
"Restaurando as Graduações de Mostradores",,260,"3,5",,,,"Novembro 1957"
"Secador para Bobinas",,264,"3,5",,,,"Novembro 1957"
"Sonofletor Econômico,2","David B. Weems",255,"3,5",,,,"Novembro 1957"
"Treinador de Radar Shoran",,258,"3,5",,,,"Novembro 1957"
"Um Receptor para Telecomando com Rádio Pelos Fios","Richard J. Sandretto",261,"3,5",,,,"Novembro 1957"
"Um Simples Provador de Retificadores de Selênio com Uma Lâmpada Neon","Rufus P. Turner",270,"3,5",,,,"Novembro 1957"
"Uma Antena Yagi Simples para FM","Donald L. Stoner",270,"3,5",,,,"Novembro 1957"
"Alarma Contra Fogo Operado com CC","I. C. Chapel",308,"3,6",,,,"Dezembro 1957"
"Antenna,358",,342,"3,6",,,,"Dezembro 1957"
"Aumente a Capacidade dos Retificadores de Selênio","H. J. Carter",327,"3,6",,,,"Dezembro 1957"
"Como Usar o Ondâmetro de Mergulho de Grade","B. Van Sutphin",313,"3,6",,,,"Dezembro 1957"
"Como Usar Transformadores de Saída de Ligações e Características Desconhecidas","Frank H. Tooker",304,"3,6",,,,"Dezembro 1957"
"Construa Esta Fechadura Eletrônica","John P. Shields",318,"3,6",,,,"Dezembro 1957"
"Construa Um Localizador de Metais Portátil","Harvey Pollack",297,"3,6",,,,"Dezembro 1957"
"Diga-Me Porque",,336,"3,6",,,,"Dezembro 1957"
"Ele Fala...e o Motor Arranca",,334,"3,6",,,,"Dezembro 1957"
"Equivalências e Substituições",,340,"3,6",,,,"Dezembro 1957"
"Índice Geral do Volume III",,343,"3,6",,,,"Dezembro 1957"
"Juca e Chico -De Crusoe a Marconi","John T. Frye",329,"3,6",,,,"Dezembro 1957"
"Maravilhas do Telefone Automático","H. H. Fantel",309,"3,6",,,,"Dezembro 1957"
"Nossa Cartilha",,322,"3,6",,,,"Dezembro 1957"
"Onde Comprar",,340,"3,6",,,,"Dezembro 1957"
"Pisca-Pisca Permanente com Oscilador de Relaxação","Forrest H. Frantz Sr.",308,"3,6",,,,"Dezembro 1957"
"Uma Fonte de Alimentação para o Experimentador","Frank H. Tooker",305,"3,6",,,,"Dezembro 1957"
"Válvula de 24 Metros?",,321,"3,6",,,,"Dezembro 1957"
"Você Faz Soldas Perfeitas?",,316,"3,6",,,,"Dezembro 1957"
"A Auto-Indução (I)","J. P. Oehmichen",17,"44,1",,,,"Jan/Fev 1978"
"A Estação Portátil CW/QRP/40 (errata)",,132,"44,1",,,,"Jan/Fev 1978"
"Analisador de Bancada","Louis Facen, Hb9hw",29,"44,1",,,,"Jan/Fev 1978"
"Arp Comemora Dia do Radioamador",,91,"44,1",,,,"Jan/Fev 1978"
"Batalha Naval Eletrônica","Alberto Cal Monteiro",23,"44,1",,,,"Jan/Fev 1978"
"Calendário das Reuniões Radioamadorísticas",,127,"44,1",,,,"Jan/Fev 1978"
"Calendário de Concursos Radioamadorísticos",,126,"44,1",,,,"Jan/Fev 1978"
"Como e de Quem Cobrar os QSL","PY2fyg",89,"44,1",,,,"Jan/Fev 1978"
"Conhecendo os Colegas-Págs 99-124-125",,125,"44,1",,,,"Jan/Fev 1978"
"CQ-DX","PY1hx",76,"44,1",,,,"Jan/Fev 1978"
"CQ-Radioamadores",,53,"44,1",,,,"Jan/Fev 1978"
"Dia o Radioamador-Um Acontecimento de Repercussão Nacional",,120,"44,1",,,,"Jan/Fev 1978"
"Estais X Mastro X Espaço","Galba J. C. Albuquerque, PY7aor",65,"44,1",,,,"Jan/Fev 1978"
"Festa em Friburgo","PY1CC",98,"44,1",,,,"Jan/Fev 1978"
"Fonte Estabilizada Prática e Econômica","Paulo Edson Mazzei, PY2ph",42,"44,1",,,,"Jan/Fev 1978"
"Furadeira Improvisada para a Perfuração de Circuitos Impressos",,28,"44,1",,,,"Jan/Fev 1978"
"Gincana da Fraternidade-Sucesso Absoluto",,99,"44,1",,,,"Jan/Fev 1978"
"Grupo dos Veteranos-Arno Feliciano de Castilho, PY5ah","PY1ae",86,"44,1",,,,"Jan/Fev 1978"
"LABRE-Sc Patrocina Diplomas",,97,"44,1",,,,"Jan/Fev 1978"
"Mastros Rotativos de Antenas Direcionais e seu Estalamento","J. J. Tecídio Jr. , PY1dc",55,"44,1",,,,"Jan/Fev 1978"
"Mini-Bolsa dos LABREanos",,128,"44,1",,,,"Jan/Fev 1978"
"Mini-Sintonizador de Am",,39,"44,1",,,,"Jan/Fev 1978"
"Noticiário do CWsp",,114,"44,1",,,,"Jan/Fev 1978"
"Noticiário do GaCW",,113,"44,1",,,,"Jan/Fev 1978"
"Noticiário do GpCW",,116,"44,1",,,,"Jan/Fev 1978"
"Noticiário do Ppc",,117,"44,1",,,,"Jan/Fev 1978"
"Notícias da LABRE","PY1ae",93,"44,1",,,,"Jan/Fev 1978"
"Notícias de VHF de São Paulo","PY2ah",105,"44,1",,,,"Jan/Fev 1978"
"O Baby Órgão","Danilo Rodrigues da Costa Filho",9,"44,1",,,,"Jan/Fev 1978"
"O Soldotrol","Peter A. Lovelock, K6jm",46,"44,1",,,,"Jan/Fev 1978"
"O Xenorol","Nilson D. Martello, PY2CQj",35,"44,1",,,,"Jan/Fev 1978"
"Onde Comprar",,128,"44,1",,,,"Jan/Fev 1978"
"Os Casais do Rádio","PY1CC",100,"44,1",,,,"Jan/Fev 1978"
"Os Novos Rumos das Repetidoras de VHF em São Paulo","PY2ah",104,"44,1",,,,"Jan/Fev 1978"
"Poleiro dos Pica-Paus","PY1CC",111,"44,1",,,,"Jan/Fev 1978"
"Ponto a Ponto, Direto Ao DXdm","PY2bbl",103,"44,1",,,,"Jan/Fev 1978"
"Ppc Encerra 1977",,118,"44,1",,,,"Jan/Fev 1978"
"QSL-Endereços de E-P","PY1hx",66,"44,1",,,,"Jan/Fev 1978"
"QSP",,122,"44,1",,,,"Jan/Fev 1978"
"Radiador de Baixo Custo Protege Contra o Calor da Soldagem","Roland J. Tauer",16,"44,1",,,,"Jan/Fev 1978"
"Rastreamento de Satélites (órbita Circular)","PY1bj",108,"44,1",,,,"Jan/Fev 1978"
"Ressurge o Radioamadorismo em Itajaí","José Tolentino da Silva",92,"44,1",,,,"Jan/Fev 1978"
"Sobras de Guerra...para Jovens","Nilson D. Martello, PY2CQj",62,"44,1",,,,"Jan/Fev 1978"
"Temporizador com Um Só Transistor",,48,"44,1",,,,"Jan/Fev 1978"
"Um Gerador Uá-Uá",,25,"44,1",,,,"Jan/Fev 1978"
"Um Processador de Áudio para o Amador Construir","Iwan Th. Halasz, PY2ah",60,"44,1",,,,"Jan/Fev 1978"
"A Auto-Indução (II-fim)","J. P. Oehmichen",147,"44,2",,,,"Mar/Abr 1978"
"Amolecendo o Essímetro do Sb-101","Osmar Capella, PY1cez",176,"44,2",,,,"Mar/Abr 1978"
"Antenas Vegetais",,173,"44,2",,,,"Mar/Abr 1978"
"Calendário das Reuniões Radioamadorísticas",,247,"44,2",,,,"Mar/Abr 1978"
"Calendário dos Concursos Radioamadorísticos",,246,"44,2",,,,"Mar/Abr 1978"
"Concurso Dois de Julho-Regulamento",,198,"44,2",,,,"Mar/Abr 1978"
"Conhecendo os Colegas-Pçags 234-237-239",,239,"44,2",,,,"Mar/Abr 1978"
"CQ-DX","PY1hx",185,"44,2",,,,"Mar/Abr 1978"
"CQ-Radioamadores",,171,"44,2",,,,"Mar/Abr 1978"
"DX e DX em Dois Metros-O Sucesso Está na Definição","Alberto João Laimgruber, PY2bbl",208,"44,2",,,,"Mar/Abr 1978"
"DX-Pedição a Fernando de Noronha",,203,"44,2",,,,"Mar/Abr 1978"
"Falando de VHF",,205,"44,2",,,,"Mar/Abr 1978"
"Filtro Ativo para CW","Paulo Edson Mazzei, PY2ph",227,"44,2",,,,"Mar/Abr 1978"
"Firebird Congrega Radioamadores da Gm",,201,"44,2",,,,"Mar/Abr 1978"
"Grupo dos Veteranos-Curtis C. Goodson, W4qbu/PY2zbg","PY1ae",202,"44,2",,,,"Mar/Abr 1978"
"I Concurso Semana do Índio-Resultados",,199,"44,2",,,,"Mar/Abr 1978"
"Mini-Bolsa dos LABREanos",,245,"44,2",,,,"Mar/Abr 1978"
"Noticiário do GaCW",,219,"44,2",,,,"Mar/Abr 1978"
"Noticiário do GpCW",,218,"44,2",,,,"Mar/Abr 1978"
"Noticiário do Ppc",,221,"44,2",,,,"Mar/Abr 1978"
"Notícias da LABRE","PY1ae",193,"44,2",,,,"Mar/Abr 1978"
"O Baby Órgão (errata)",,250,"44,2",,,,"Mar/Abr 1978"
"O Espanta Xeretas","Peter Walton, Ve3fez",169,"44,2",,,,"Mar/Abr 1978"
"O Sinaltone","Cesário T. Ramos",153,"44,2",,,,"Mar/Abr 1978"
"O Sinaltone (errata)",,250,"44,2",,,,"Mar/Abr 1978"
"O Superbatucador Eletrônico","Louis Facen, Hb9hw",141,"44,2",,,,"Mar/Abr 1978"
"Onde Comprar",,244,"44,2",,,,"Mar/Abr 1978"
"Os Invasores",,234,"44,2",,,,"Mar/Abr 1978"
"Poleiro dos Pica-Paus","PY1CC",214,"44,2",,,,"Mar/Abr 1978"
"QSL-Endereços de E-P","PY1ae",178,"44,2",,,,"Mar/Abr 1978"
"QSP",,240,"44,2",,,,"Mar/Abr 1978"
"QSP-Última Hora",,252,"44,2",,,,"Mar/Abr 1978"
"Resultados do Concurso Qrs-10",,224,"44,2",,,,"Mar/Abr 1978"
"Um Atenuador de Iluminação Supereconômico",,158,"44,2",,,,"Mar/Abr 1978"
"Uma Bancada Escamoteável","J. J. Tecídio Jr. , PY1dc",161,"44,2",,,,"Mar/Abr 1978"
"Uma Chave de Antena para Dois Cabos Coaxiais","Iwan Th. Halasz, PY2ah",175,"44,2",,,,"Mar/Abr 1978"
"Abençoado CW!",,352,"44,3",,,,"Mai/Jun 1978"
"Ajuste seu Transmissor Como Manda o Regulamento","Iwan Th. Hálasz, PY2ah",293,"44,3",,,,"Mai/Jun 1978"
"Aral Congrega Radioamadores e Radiocidadãos","Romeu Toddai, PY2dje",356,"44,3",,,,"Mai/Jun 1978"
"Bateria Musical de Duplo Tom",,269,"44,3",,,,"Mai/Jun 1978"
"Calculadora Falante",,361,"44,3",,,,"Mai/Jun 1978"
"Calendário das Reuniões Radioamadorísticas",,365,"44,3",,,,"Mai/Jun 1978"
"Calendário de Concursos Radioamadorísticos",,364,"44,3",,,,"Mai/Jun 1978"
"Confraternização no Facic",,358,"44,3",,,,"Mai/Jun 1978"
"Conhecendo os Colegas-Pags 363-366-367",,367,"44,3",,,,"Mai/Jun 1978"
"Considerações em Torno da Lei de Ohm (I)","J. P. Oehmichen",265,"44,3",,,,"Mai/Jun 1978"
"CQ-DX","PY1hx",308,"44,3",,,,"Mai/Jun 1978"
"CQ-Radioamadores",,285,"44,3",,,,"Mai/Jun 1978"
"Cranf Recebe Pp1ir","PY1lg",323,"44,3",,,,"Mai/Jun 1978"
"Duas Fontes de Alimentação Simplificadas",,361,"44,3",,,,"Mai/Jun 1978"
"Em Tempo de PX","PX1-0259",356,"44,3",,,,"Mai/Jun 1978"
"Encerrando o Gramrondon","PY1CC",328,"44,3",,,,"Mai/Jun 1978"
"Experimentador de Mão Cheia!",,322,"44,3",,,,"Mai/Jun 1978"
"Faixa do Cidadão","L. P. Petriche",282,"44,3",,,,"Mai/Jun 1978"
"Falando de VHF",,337,"44,3",,,,"Mai/Jun 1978"
"Grupo dos Veteranos-Miécio Ribeiro de Araujo, PY1esd","PY1ae",329,"44,3",,,,"Mai/Jun 1978"
"Índice Geral Classificado do Volume 44",,371,"44,3",,,,"Mai/Jun 1978"
"Ionização Causada Pelos Amadores?","G5rv/Cx5rv",321,"44,3",,,,"Mai/Jun 1978"
"Mangueirinha Psicodélica","J. Gavaldá",261,"44,3",,,,"Mai/Jun 1978"
"Medidor de Umidade para a Rega de Plantas",,274,"44,3",,,,"Mai/Jun 1978"
"Mini-Bolsa dos LABREanos",,363,"44,3",,,,"Mai/Jun 1978"
"Noticiário dos Grupos de CW",,348,"44,3",,,,"Mai/Jun 1978"
"Notícias da LABRE","PY1ae",317,"44,3",,,,"Mai/Jun 1978"
"Notícias dos Onze","PX1-0159",358,"44,3",,,,"Mai/Jun 1978"
"O Serviço de Rádio do Cidadão",,355,"44,3",,,,"Mai/Jun 1978"
"O Superbatucador Eletrônico (errata)",,359,"44,3",,,,"Mai/Jun 1978"
"Onde Comprar",,365,"44,3",,,,"Mai/Jun 1978"
"Poleiro dos Pica-Paus","PY1CC",344,"44,3",,,,"Mai/Jun 1978"
"Provador de Diodos e Transistores","Luis Sávio dos Santos",261,"44,3",,,,"Mai/Jun 1978"
"QSL-Endereços de E-P","PY1ae",300,"44,3",,,,"Mai/Jun 1978"
"QSP",,362,"44,3",,,,"Mai/Jun 1978"
"QSP-Última Hora",,370,"44,3",,,,"Mai/Jun 1978"
"Radio Clube Santo Angelo Inaugura Nova Sede",,325,"44,3",,,,"Mai/Jun 1978"
"Radioamadorismo na Aman","PY1CC",316,"44,3",,,,"Mai/Jun 1978"
"Radioamadorismo, Sim Senhor!","PY1CC",326,"44,3",,,,"Mai/Jun 1978"
"SSB Reduzida À Expressão Mais Simples","Plínio F. P. Tourinho, PY1ajn",297,"44,3",,,,"Mai/Jun 1978"
"Transceptor de Conversão Direta para 80m","Antonio Rafael Lozano, Lu8aaj",287,"44,3",,,,"Mai/Jun 1978"
"Um Gerador de Sons Jocosos","J. J. Tecídio Jr. , PY1dc",279,"44,3",,,,"Mai/Jun 1978"
"YL no Ar Comemoram Aniversário",,342,"44,3",,,,"Mai/Jun 1978"
"19º Concurso Almirante Marques de Tamandaré-Resultados",,116,"45,1",,,,"Jul/Ago 1978"
"Arp no Pico do Couto","PY1CC",95,"45,1",,,,"Jul/Ago 1978"
"Cabo Coaxial-Qual o Comprimento Correto?","Iwan Th. Halasz, PY2ah",79,"45,1",,,,"Jul/Ago 1978"
"Caixa de Substituição de Capacitores","Wiklk",24,"45,1",,,,"Jul/Ago 1978"
"Calendário das Reuniões Radioamadorísticas",,133,"45,1",,,,"Jul/Ago 1978"
"Calendário de Concursos Radioamadorísticos",,132,"45,1",,,,"Jul/Ago 1978"
"Como Se Faz Um Bom Operador",,117,"45,1",,,,"Jul/Ago 1978"
"Concurso Semana da Pátria Brasileira-Resultados",,115,"45,1",,,,"Jul/Ago 1978"
"Conhecendo os Colegas",,91,"45,1",,,,"Jul/Ago 1978"
"Considerações em Torno da Lei de Ohm (II-fim)","J. P. Oehmichen",17,"45,1",,,,"Jul/Ago 1978"
"Conta-Giros para Motores",,122,"45,1",,,,"Jul/Ago 1978"
"Contrua Você Mesmo Suas Formas de Bobinas","Miécio Ribeiro de Araujo, PY1esd",33,"45,1",,,,"Jul/Ago 1978"
"Corfaci-RJ em Nova Dimensão",,117,"45,1",,,,"Jul/Ago 1978"
"CQ-Automático","Luciano S. Souza, Pt7wa",72,"45,1",,,,"Jul/Ago 1978"
"CQ-DX","PY1hx",84,"45,1",,,,"Jul/Ago 1978"
"CQ-Radioamadores",,47,"45,1",,,,"Jul/Ago 1978"
"Crau É Reconhecido de Utilidade Pública Estadual",,96,"45,1",,,,"Jul/Ago 1978"
"De 11 Metros para 10 Metros","Iwan Th. Halasz, PY2ah",70,"45,1",,,,"Jul/Ago 1978"
"Duas Fontes de Alimentação Simplificadas (errata)",,136,"45,1",,,,"Jul/Ago 1978"
"Duas Montagens-Um Interruptor de Toque e Um Megafone Simples",,25,"45,1",,,,"Jul/Ago 1978"
"Entrevistando",,117,"45,1",,,,"Jul/Ago 1978"
"E-P-Big Gil-Manipulador Eletrônico com Um Só C. I.","Rhony Alan G. Barros, PY1mhq",49,"45,1",,,,"Jul/Ago 1978"
"Estações Repetidoras-Fatos e Falácias","PY2ah",103,"45,1",,,,"Jul/Ago 1978"
"Grupo dos Veteranos-George Francis Northrup, PY2?D","PY1ae",82,"45,1",,,,"Jul/Ago 1978"
"Iaru-Região 2 Reune-Se no Panamá",,124,"45,1",,,,"Jul/Ago 1978"
"Mini-Bolsa dos LABREanos",,132,"45,1",,,,"Jul/Ago 1978"
"Minitransmissor de FM","M. Martinez",14,"45,1",,,,"Jul/Ago 1978"
"Mutirão em Vitória",,98,"45,1",,,,"Jul/Ago 1978"
"Noticiário de CW",,112,"45,1",,,,"Jul/Ago 1978"
"Noticiário de VHF de São Paulo","PY1ah",101,"45,1",,,,"Jul/Ago 1978"
"Noticiário dos Grupos de CW",,114,"45,1",,,,"Jul/Ago 1978"
"Notícias de VHF",,100,"45,1",,,,"Jul/Ago 1978"
"Notícias do Grazon","PY3clp",97,"45,1",,,,"Jul/Ago 1978"
"Notícias dos Onze",,117,"45,1",,,,"Jul/Ago 1978"
"O Identômetro","Louis Facen, Hb9hw",9,"45,1",,,,"Jul/Ago 1978"
"Onde Comprar",,133,"45,1",,,,"Jul/Ago 1978"
"Oscar para Principiantes","Iwan Th. Halasz, PY2ah",73,"45,1",,,,"Jul/Ago 1978"
"Poleiro dos Pica-Paus","PY1CC",109,"45,1",,,,"Jul/Ago 1978"
"Problemas em VHF",,99,"45,1",,,,"Jul/Ago 1978"
"QSL-Endereços de E-P","PY1ae",92,"45,1",,,,"Jul/Ago 1978"
"QSP",,125,"45,1",,,,"Jul/Ago 1978"
"QSP-Última Hora",,136,"45,1",,,,"Jul/Ago 1978"
"Regulamento do Ep-Aa",,89,"45,1",,,,"Jul/Ago 1978"
"Repetidoras do Rio de Janeiro",,102,"45,1",,,,"Jul/Ago 1978"
"Ressonímetro e Medidor de Campo Transistorizado","J. J. Tecídio Jr. , PY1dc",63,"45,1",,,,"Jul/Ago 1978"
"Sintetizador para a Faixa do Cidadão-Teoria e Reparação","Marvin J. Beastley",36,"45,1",,,,"Jul/Ago 1978"
"Teste Sobre a Lei de Ohm","Robert P. Balin",31,"45,1",,,,"Jul/Ago 1978"
"Utilizando Relés de CC em Redes de CA","Yoshimasa Motizuki",30,"45,1",,,,"Jul/Ago 1978"
"8a. Enfaci-Brasília",,269,"45,2",,,,"Set/Out 1978"
"Alocação de Frequências nas Faixas de 50/54, 220/225 e 420/450 MHz","PY2ah",261,"45,2",,,,"Set/Out 1978"
"Amplificador de A. F. com C. I.","Daniel Sallles",155,"45,2",,,,"Set/Out 1978"
"Antenas Mini-Quadros em Transmissão","Rhony Alan G. Barros, PY1mhq",207,"45,2",,,,"Set/Out 1978"
"Apresentando (ou Reapresentando???) o CaPYau",,238,"45,2",,,,"Set/Out 1978"
"Aventuras e Desventuras de Um Radioamador da Roça","Miécio R. De Araujo, PY1esd",193,"45,2",,,,"Set/Out 1978"
"Brasília Equipada","PY1CC",247,"45,2",,,,"Set/Out 1978"
"Brasília-Goiânia em VHF","PY1CC",264,"45,2",,,,"Set/Out 1978"
"Calendário das Reuniões Radioamadorísticas",,285,"45,2",,,,"Set/Out 1978"
"Calendário de Concursos Radioamadorísticos",,284,"45,2",,,,"Set/Out 1978"
"Como Aumentar a Utilidade de seu Refletômetro","Iwan Th. Halasz, PY2ah",189,"45,2",,,,"Set/Out 1978"
"Como Vão Suas Pilhas?","Michel Archambault",149,"45,2",,,,"Set/Out 1978"
"Conhecendo os Colegas",,244,"45,2",,,,"Set/Out 1978"
"Conselho Federal-1978","PY1CC",242,"45,2",,,,"Set/Out 1978"
"CQ-DX","PY1hx",225,"45,2",,,,"Set/Out 1978"
"CQ-Radioamadores",,187,"45,2",,,,"Set/Out 1978"
"Dê Um Jeito em seu Deltinha!","Rhony Alan G. Barros, PY1mhq",214,"45,2",,,,"Set/Out 1978"
"F3 em Radioamadorismo","Haroldo Rocha Vianna, PY4aeb",218,"45,2",,,,"Set/Out 1978"
"Grupo dos Veteranos-Plínio F. P. Tourinho, PY1ajn","PY1ae",221,"45,2",,,,"Set/Out 1978"
"LABRE-Grande Atuante no Radioamadorismo Internacional",,265,"45,2",,,,"Set/Out 1978"
"Lu Comemoram Cinquentenário","PY1ae",268,"45,2",,,,"Set/Out 1978"
"Marinha Entrega Prêmios do Tamandaré","PY1CC",240,"45,2",,,,"Set/Out 1978"
"Mini-Alarma Versátil",,163,"45,2",,,,"Set/Out 1978"
"Mini-Bolsa dos LABREanos",,282,"45,2",,,,"Set/Out 1978"
"Mini-Injetor de Sinais",,159,"45,2",,,,"Set/Out 1978"
"Móvel Não, Portátil Marítimo!",,241,"45,2",,,,"Set/Out 1978"
"Neuroteste-Um Desafio Ao seu Autocontrôle","Sergio Starling Gonçalves",145,"45,2",,,,"Set/Out 1978"
"Noticiário dos Grupos de CW",,253,"45,2",,,,"Set/Out 1978"
"Notícias da LABRE","PY1ae",232,"45,2",,,,"Set/Out 1978"
"Notícias dos Onze",,269,"45,2",,,,"Set/Out 1978"
"O CaPYau Visita Eletrônica Popular",,239,"45,2",,,,"Set/Out 1978"
"Onde Comprar",,283,"45,2",,,,"Set/Out 1978"
"Poleiro dos Pica-Paus","PY1CC",249,"45,2",,,,"Set/Out 1978"
"Portaria Nº 1295 de 11 de Setembro de 1978",,248,"45,2",,,,"Set/Out 1978"
"Portugal Oficializa Faixa do Cidadão",,269,"45,2",,,,"Set/Out 1978"
"Pré-Programador para Transceptores Sintetizados","Iwan Th. Halasz, PY2ah",211,"45,2",,,,"Set/Out 1978"
"Proteção com Diodo Zener",,154,"45,2",,,,"Set/Out 1978"
"PX Clube de João Pessoa Tem Nova Diretoria",,269,"45,2",,,,"Set/Out 1978"
"QSL-Endereços de E-P","PY1ae",233,"45,2",,,,"Set/Out 1978"
"QSP",,279,"45,2",,,,"Set/Out 1978"
"QSP-Última Hora",,288,"45,2",,,,"Set/Out 1978"
"Reforçando a Fepe","Paulo Edson Mazzei, PY2ph",176,"45,2",,,,"Set/Out 1978"
"Reforçando a Fepe (errata)",,278,"45,2",,,,"Set/Out 1978"
"Regulamento do Concurso Qrs-10",,259,"45,2",,,,"Set/Out 1978"
"Resultados do Concurso Ppc-1978",,257,"45,2",,,,"Set/Out 1978"
"Temporizador de Luz Compacto","Robert Michael Zuidema",165,"45,2",,,,"Set/Out 1978"
"Teste de Lâmpadas","Robert P. Balin",170,"45,2",,,,"Set/Out 1978"
"Transceptor de Conversão Direta para 80 M (errata)",,275,"45,2",,,,"Set/Out 1978"
"Transceptor Híbrido para a Faixa do Cidadão","Henry José Ubiracy",181,"45,2",,,,"Set/Out 1978"
"Um Amplificador do Vovô para 6 W",,171,"45,2",,,,"Set/Out 1978"
"Um Por Todos, Todos Por Um",,269,"45,2",,,,"Set/Out 1978"
"Um Vox para Dois Metros","A. Portella, PY1io",204,"45,2",,,,"Set/Out 1978"
"20 Watts em Hi-Fi com Um Único C. I.","Louis Facen, Hb9hw",321,"45,3",,,,"Nov/Dez 1978"
"Antena de Ouro","PY1mhq",398,"45,3",,,,"Nov/Dez 1978"
"Antena em V Invertido para 80 Metros","Luiz Augusto Soares Hoelz, PY2wlu",347,"45,3",,,,"Nov/Dez 1978"
"Antifurto para Residências",,309,"45,3",,,,"Nov/Dez 1978"
"Bahia-Dois Metros em Evolução",,383,"45,3",,,,"Nov/Dez 1978"
"Brasil/EUA-defasagem nos Regulamentos","Iwan Th. Halasz, PY2ah",406,"45,3",,,,"Nov/Dez 1978"
"Breique, Breique!","Nilson D. Martello, Pw2-6750",329,"45,3",,,,"Nov/Dez 1978"
"Calendário das Reuniões Radioamadorísticas",,413,"45,3",,,,"Nov/Dez 1978"
"Calendário dos Concursos Radioamadorísticos",,412,"45,3",,,,"Nov/Dez 1978"
"Clube Ituverava-Filantropia-PX","PX1-0259",403,"45,3",,,,"Nov/Dez 1978"
"Como Vão Seus Conhecimentos em Eletricidade?",,326,"45,3",,,,"Nov/Dez 1978"
"Conselhos Seccionais-Eleições","PY1CC",367,"45,3",,,,"Nov/Dez 1978"
"CQ-DX","PY1hx",358,"45,3",,,,"Nov/Dez 1978"
"CQ-Radioamadores",,333,"45,3",,,,"Nov/Dez 1978"
"Cva 1978-Encerramento","PY1CC",373,"45,3",,,,"Nov/Dez 1978"
"Das Anotações de Um Radioamador","Iwan Th. Halasz, PY2ah",245,"45,3",,,,"Nov/Dez 1978"
"E Papai Noel Não Veio!","PX1-0259",403,"45,3",,,,"Nov/Dez 1978"
"Etiquetas de Identificação","Miécio Ribeiro de Araujo, PY1esd",312,"45,3",,,,"Nov/Dez 1978"
"Filtro Passivo/Ativo para CW","Rhony Alan Gomes e Barros, PY1mhq",342,"45,3",,,,"Nov/Dez 1978"
"Fuzz-Um Dispostivo para sua Guitarra Ou Contrabaixo Eletrônicos","D. R. da Costa Filho",316,"45,3",,,,"Nov/Dez 1978"
"GpCW Jantar de 5º Aniversário",,383,"45,3",,,,"Nov/Dez 1978"
"GpCW-Jantar de 5º Aniversário",,385,"45,3",,,,"Nov/Dez 1978"
"Grupo dos Veteranos-Old Old Timers Club","PY1ae",369,"45,3",,,,"Nov/Dez 1978"
"I Concurso de Belo Horizonte","PX1-0259",403,"45,3",,,,"Nov/Dez 1978"
"Iluminação de Emergência","Sergio Starling Gonçalves",297,"45,3",,,,"Nov/Dez 1978"
"Índice Geral Classificado do Volume 45",,419,"45,3",,,,"Nov/Dez 1978"
"Joinville 1978","PY2dcp",397,"45,3",,,,"Nov/Dez 1978"
"Mini-Bolsa dos LABREanos",,411,"45,3",,,,"Nov/Dez 1978"
"Noticiário de VHF de São Paulo","PY1ah",390,"45,3",,,,"Nov/Dez 1978"
"Noticiário dos Grupos de CW",,383,"45,3",,,,"Nov/Dez 1978"
"Notícias da LABRE","PY1ae",364,"45,3",,,,"Nov/Dez 1978"
"Notícias do Grupo QRP","PY1lg",371,"45,3",,,,"Nov/Dez 1978"
"Notícias dos Onze","PX1-0259",403,"45,3",,,,"Nov/Dez 1978"
"Novo Suporte de Antenas para Automóveis Nacionais",,372,"45,3",,,,"Nov/Dez 1978"
"O Interruptores e Relés de Lâminas",,301,"45,3",,,,"Nov/Dez 1978"
"O Segundo Amor do Papai","Maria Beatriz Parizzi",368,"45,3",,,,"Nov/Dez 1978"
"Pisca-Pisca Eletrônico","Solano Mendes Henriques",404,"45,3",,,,"Nov/Dez 1978"
"Poleiro dos Pica-Paus","PY1CC",375,"45,3",,,,"Nov/Dez 1978"
"Pré-Programador para Transceptores Sintetizados-Errata",,407,"45,3",,,,"Nov/Dez 1978"
"PX no Colégio Anderson","PX1-0259",403,"45,3",,,,"Nov/Dez 1978"
"QSL-Endereços de E-P","PY1ae",354,"45,3",,,,"Nov/Dez 1978"
"QSP",,408,"45,3",,,,"Nov/Dez 1978"
"Reforçando a Pepe-Errata",,407,"45,3",,,,"Nov/Dez 1978"
"Rfi e o Direito À Antena: Ponhamos os Pingos nos II","Iwan Th. Halasz, PY2ah",349,"45,3",,,,"Nov/Dez 1978"
"Tempos Heróicos",,394,"45,3",,,,"Nov/Dez 1978"
"Três Batismos em Um Único QSO",,381,"45,3",,,,"Nov/Dez 1978"
"Várias de VHF","PY2ah",393,"45,3",,,,"Nov/Dez 1978"
"Voltímetro Eletrônico para CC e RF","Louix Facen, Hb9hw",335,"45,3",,,,"Nov/Dez 1978"
"Alarme de Nível D'água","João Torres de Amorim",23,"52,1",,,,"Jan/Fev 1982"
"Antena Quadra Deitada","Hal. Piuaiforelibi",49,"52,1",,,,"Jan/Fev 1982"
"Caravana da Amizade Brasil-Portugal","PY1CC",71,"52,1",,,,"Jan/Fev 1982"
"Carta dos Leitores",,33,"52,1",,,,"Jan/Fev 1982"
"Certificado DXdm (DX em Dois Metros)","PY2bbl",57,"52,1",,,,"Jan/Fev 1982"
"Churrasco na Serra","PY1CC",74,"52,1",,,,"Jan/Fev 1982"
"Como Escolher seu Receptor","Emanuel Tavares Filho",85,"52,1",,,,"Jan/Fev 1982"
"CQ-Radioamadores",,43,"52,1",,,,"Jan/Fev 1982"
"Cva/81-Encerramento","PY1CC",69,"52,1",,,,"Jan/Fev 1982"
"Delta 500 e Seus Problemas","Francisco Canindé Batista, Ps7amb",51,"52,1",,,,"Jan/Fev 1982"
"Falando de VHF","PY2bbl e PY1ylk",57,"52,1",,,,"Jan/Fev 1982"
"Fc Inglesa, Um Presente de Grego","Steven Hastings, Uk13wd",41,"52,1",,,,"Jan/Fev 1982"
"Fotocontrôle com Ldr","Ingo Kobarg Jr.",26,"52,1",,,,"Jan/Fev 1982"
"Indicador do Som",,30,"52,1",,,,"Jan/Fev 1982"
"Informações Sobre a LABRE",,50,"52,1",,,,"Jan/Fev 1982"
"Informe dos 11","José Américo Mendes",33,"52,1",,,,"Jan/Fev 1982"
"Linha Comutável para Três Antenas","Juvenal Silva Neto, PY2esm",45,"52,1",,,,"Jan/Fev 1982"
"Magnetismo-Um Campo Inesgotável","J. A. Sam Wilson, Cet",21,"52,1",,,,"Jan/Fev 1982"
"Mercado do Som",,29,"52,1",,,,"Jan/Fev 1982"
"Mini-Bolsa dos LABREanos",,92,"52,1",,,,"Jan/Fev 1982"
"Noticiário de VHF","PY1ylk",60,"52,1",,,,"Jan/Fev 1982"
"O Call Counter","Louis Facen, Hb9hw",17,"52,1",,,,"Jan/Fev 1982"
"O Que Há no Mercado","José Américo Mendes",33,"52,1",,,,"Jan/Fev 1982"
"Onde Comprar",,86,"52,1",,,,"Jan/Fev 1982"
"Onde Estão as Estações Móveis?","José Américo Mendes",33,"52,1",,,,"Jan/Fev 1982"
"Os Perigos da Radiação no Shack do Radioamador","Iwan Th. Halasz, PY2ah",52,"52,1",,,,"Jan/Fev 1982"
"Panorama Radioamadorístico",,63,"52,1",,,,"Jan/Fev 1982"
"Poleiro dos Pica-Paus","PY1CC",79,"52,1",,,,"Jan/Fev 1982"
"QRP","PY2tu",75,"52,1",,,,"Jan/Fev 1982"
"QSL-Endereços de E-P",,72,"52,1",,,,"Jan/Fev 1982"
"QSP",,88,"52,1",,,,"Jan/Fev 1982"
"Som-Dúvidas e Respostas","Paulo Albuquerque",32,"52,1",,,,"Jan/Fev 1982"
"Suplemento da Revista do Livro Eletrônico",,1,"52,1",,,,"Jan/Fev 1982"
"Um Acoplador para Antena Unifilares Longwire","Francisco A. S. Machado, PY1agf",55,"52,1",,,,"Jan/Fev 1982"
"Um Pouco de Cada Coisa-A Relação de Onda Estacionária","José Américo Mendes",38,"52,1",,,,"Jan/Fev 1982"
"1º Concurso E-P de VHF-2 Metros","PY2bbl",164,"52,2",,,,"Março 1982"
"Antena Asa Delta","Cícero Martins Câmara, PX2b-4994/PY2oih",157,"52,2",,,,"Março 1982"
"Aumente o Alcance de seu Handy-Talkie Sem Aumentar o Consumo","Iwan Thomas Halasz, PY2ah",160,"52,2",,,,"Março 1982"
"Carregador Automático de Baterias de Chumbo-Ácido","Osvaldo Del Pintor, PY2uoz",136,"52,2",,,,"Março 1982"
"Carta dos Leitores",,127,"52,2",,,,"Março 1982"
"CQ-Radioamadores",,145,"52,2",,,,"Março 1982"
"Eliminando Ruídos da Ignição em Automóveis (I)","Marvin J. Beasley",117,"52,2",,,,"Março 1982"
"Faça Você Mesmo-Uma Carga Não-Irradiante para VHF","Miécio Ribeiro de Araújo, PY1esd",153,"52,2",,,,"Março 1982"
"Falando de VHF","PY2bbl",164,"52,2",,,,"Março 1982"
"Idéias...Idéias...",,121,"52,2",,,,"Março 1982"
"Incrementando o Receptor Philco Transglobe B481-3",,187,"52,2",,,,"Março 1982"
"Indicador do Som",,139,"52,2",,,,"Março 1982"
"Informações Sobre a LABRE",,152,"52,2",,,,"Março 1982"
"Informe dos Onze","José Américo Mendes",127,"52,2",,,,"Março 1982"
"Mercado do Som",,139,"52,2",,,,"Março 1982"
"Mini-Bolsa dos LABREanos",,194,"52,2",,,,"Março 1982"
"Noticiário de VHF","PY2tu",168,"52,2",,,,"Março 1982"
"O Call Counter-Errata",,191,"52,2",,,,"Março 1982"
"O Drake-Drácula (I)",,124,"52,2",,,,"Março 1982"
"O Que Há no Mercado","José Américo Mendes",127,"52,2",,,,"Março 1982"
"Onde Comprar",,189,"52,2",,,,"Março 1982"
"Outro Eficiente Carregador de Baterias-Errata",,191,"52,2",,,,"Março 1982"
"Panorama Radioamadorístico",,182,"52,2",,,,"Março 1982"
"Poleiro dos Pica-Paus",,177,"52,2",,,,"Março 1982"
"Projeto Realtom-Um Seletor de Sinais de CW","Marco Antonio Nunes Pereira, PY1dsb",147,"52,2",,,,"Março 1982"
"QRP",,172,"52,2",,,,"Março 1982"
"QSL-Endereços de E-P",,161,"52,2",,,,"Março 1982"
"QSP-Última Hora",,200,"52,2",,,,"Março 1982"
"Radioamadorismo para Deficientes Físicos",,174,"52,2",,,,"Março 1982"
"Relembrando","José Américo Mendes",127,"52,2",,,,"Março 1982"
"Som-Dúvidas e Respostas",,142,"52,2",,,,"Março 1982"
"Suplemento do Livro Eletrônico",,97,"52,2",,,,"Março 1982"
"Tickopres-19sd-O Lançamento Novelprint",,116,"52,2",,,,"Março 1982"
"T-R Automática para o Grilo","Carlos Alberto Moura, PY2fne",159,"52,2",,,,"Março 1982"
"Um Misturador para Voz e Música","Louis Facen",113,"52,2",,,,"Março 1982"
"Um Pouco de Cada Coisa-Torre, Mastro E...Grilos","José Américo Mendes",132,"52,2",,,,"Março 1982"
"Um Prático Provador de Cristais-Errata",,191,"52,2",,,,"Março 1982"
"Um Versátil Transceptor para Amadores-Errata",,191,"52,2",,,,"Março 1982"
"Carta dos Leitores",,235,"52,3",,,,"Abril 1982"
"CQ-Radioamadores",,251,"52,3",,,,"Abril 1982"
"Dexismo na Argentina","Alejandro Frias",302,"52,3",,,,"Abril 1982"
"Eliminando Ruídos da Ignição em Automóveis (II-fim)","Marvin J. Beasley",222,"52,3",,,,"Abril 1982"
"Emissoras Que Transmitem para o Brasil/América do Sul","Emanuel Tavares Filho",301,"52,3",,,,"Abril 1982"
"Falando de VHF","PY2bbl",281,"52,3",,,,"Abril 1982"
"Ideias Práticas",,229,"52,3",,,,"Abril 1982"
"Impressões de Viagem","PY1ylk",281,"52,3",,,,"Abril 1982"
"Indicador do Som",,305,"52,3",,,,"Abril 1982"
"Informações Sobre a LABRE",,276,"52,3",,,,"Abril 1982"
"Informe dos 11","José Américo Mendes",235,"52,3",,,,"Abril 1982"
"Manipulador Eletrônico","Carlos Henrique da Silva Dittz",253,"52,3",,,,"Abril 1982"
"Mercado do Som",,304,"52,3",,,,"Abril 1982"
"Mini-Bolsa dos LABREanos",,313,"52,3",,,,"Abril 1982"
"Noticiário de VHF","PY2bbl",284,"52,3",,,,"Abril 1982"
"Núcleos Toroidais? Faça-Os Você Mesmo!","Roberto Gomes da Silva, PY2tbc",260,"52,3",,,,"Abril 1982"
"O Drake-Drácula (II)",,230,"52,3",,,,"Abril 1982"
"O Que Há no Mercado","José Américo Mendes",235,"52,3",,,,"Abril 1982"
"Onde Comprar",,309,"52,3",,,,"Abril 1982"
"Os Testes de E-P-A K-40 Nacional","José Américo Mendes",243,"52,3",,,,"Abril 1982"
"Panorama Radioamadorístico",,289,"52,3",,,,"Abril 1982"
"Poleiro dos Pica-Paus","PY1CC",296,"52,3",,,,"Abril 1982"
"Propagação","José Américo Mendes",235,"52,3",,,,"Abril 1982"
"QRP","PY2tu",277,"52,3",,,,"Abril 1982"
"QSL - Endereços de E-P",,272,"52,3",,,,"Abril 1982"
"QSP",,311,"52,3",,,,"Abril 1982"
"QSP - Última Hora",,320,"52,3",,,,"Abril 1982"
"Radioamadorismo Via Satélite (I)","Dante V. Efron, PY3xdv e Osvaldo Schwarz",266,"52,3",,,,"Abril 1982"
"Seis Db de Ganho em Dois Metros, Sem Rotor","A. Portella, PY1io",257,"52,3",,,,"Abril 1982"
"Som-Dúvidas e Respostas","Paulo Albuquerque",308,"52,3",,,,"Abril 1982"
"Suplemento da Revista do Livro Eletrônico",,201,"52,3",,,,"Abril 1982"
"Um Interfone com Chamada","Louis Facen, Hb9hw",217,"52,3",,,,"Abril 1982"
"Um Pouco de Cada Coisa-O Perigo das Microondas","PX1e-6422",246,"52,3",,,,"Abril 1982"
"Um Provador de Transistores","Iwan Th. Halasz, PY2ah",226,"52,3",,,,"Abril 1982"
"Uma Questão de Ordem",,235,"52,3",,,,"Abril 1982"
"A Sentença de Filiação Compulsória",,423,"52,4",,,,"Maio 1982"
"Antena Encurtada para Cinco Faixas","Mário Jorge O. Tavares, PY5cdl",380,"52,4",,,,"Maio 1982"
"Carta dos Leitores",,355,"52,4",,,,"Maio 1982"
"Conhecendo os Colegas",,379,"52,4",,,,"Maio 1982"
"Contrôle, Uma Boa Pedida","José Américo Mendes",355,"52,4",,,,"Maio 1982"
"CQ-Radioamadores",,369,"52,4",,,,"Maio 1982"
"Emissoras Padrões de Frequência","Emanuel Tavares Filho",419,"52,4",,,,"Maio 1982"
"Faça Você Mesmo-Capacitores Tubulares","Miécio Ribeiro de Araujo, PY1esd",342,"52,4",,,,"Maio 1982"
"Falando de VHF","PY2bbl e PY1ylk",407,"52,4",,,,"Maio 1982"
"Idéias! Idéias!",,345,"52,4",,,,"Maio 1982"
"Indicador de Estado de Bateria para o seu Scantec","Hubert Melin, PY1vly",372,"52,4",,,,"Maio 1982"
"Indicador do Som",,414,"52,4",,,,"Maio 1982"
"Informações Sobre a LABRE",,392,"52,4",,,,"Maio 1982"
"Informe dos 11","José Américo Mendes",355,"52,4",,,,"Maio 1982"
"Linear de 10mw","Wanderley Baroni, PX4a-2243",370,"52,4",,,,"Maio 1982"
"Mercado do Som",,413,"52,4",,,,"Maio 1982"
"Mini-Bolsa dos LABREanos",,428,"52,4",,,,"Maio 1982"
"Monte o Alercap","Carlos Alberto Pastrello",351,"52,4",,,,"Maio 1982"
"Noticiário de VHF",,409,"52,4",,,,"Maio 1982"
"O Drake-Drácula (III-fim)",,348,"52,4",,,,"Maio 1982"
"O Que Há no Mercado","José Américo Mendes",355,"52,4",,,,"Maio 1982"
"Onde Comprar",,421,"52,4",,,,"Maio 1982"
"Onde Estão os Radioescutas?","Emanuel Tavares Filho",420,"52,4",,,,"Maio 1982"
"Os Testes de E-P: O Mpl-27 da Spectrum","José Américo Mendes",365,"52,4",,,,"Maio 1982"
"Panorama Radioamadorístico","PY1CC",382,"52,4",,,,"Maio 1982"
"Polarizando Antenas","PY1bbl",407,"52,4",,,,"Maio 1982"
"Poleiro dos Pica-Paus","PY1CC e PY1afa",398,"52,4",,,,"Maio 1982"
"QRP",,393,"52,4",,,,"Maio 1982"
"QSL - Endereços de E-P",,388,"52,4",,,,"Maio 1982"
"QSP",,426,"52,4",,,,"Maio 1982"
"Radioamadorismo Via Satélite (II-fim)","Dante V. Efron, PY3xdv e Osvaldo Schwarz",376,"52,4",,,,"Maio 1982"
"Rádiointerferências em Televisores-Limites de Responsabilidade","Arolde de Oliveira",361,"52,4",,,,"Maio 1982"
"Som-Dúvidas e Respostas","Paulo Albuquerque",417,"52,4",,,,"Maio 1982"
"Suplemento da Revista do Livro Eletrônico",,321,"52,4",,,,"Maio 1982"
"Um Filtro de Ruídos Versátil para o seu Hi-Fi","Louis Facen, Hb9hw",337,"52,4",,,,"Maio 1982"
"Um Pré-Seletor de De RF para 3,5 a 30MHz","Amer J. Feres, PY2djw",374,"52,4",,,,"Maio 1982"
"Antena Rômbica-A Rainha das Antenas","Iwan Th. Halasz, PY2ah",490,"52,5",,,,"Junho 1982"
"Carta dos Leitores",,467,"52,5",,,,"Junho 1982"
"CQ-Radioamadores",,481,"52,5",,,,"Junho 1982"
"Despertador Solar-Errata",,534,"52,5",,,,"Junho 1982"
"Dexismo em Ondas Médias","Antonio Ribeiro da Motta",523,"52,5",,,,"Junho 1982"
"Direção de Antenas","Nazareno Medeiros, Pp1wt",494,"52,5",,,,"Junho 1982"
"Duas Gotas do Dia a Dia","José Américo Mendes",467,"52,5",,,,"Junho 1982"
"DX Por Troporrefração","PY2bbl",507,"52,5",,,,"Junho 1982"
"Falando de VHF","PY2bbl",507,"52,5",,,,"Junho 1982"
"Hi-Fi Tem Que Ser Tão Alto Assim?",,452,"52,5",,,,"Junho 1982"
"Idéias! Idéias!",,457,"52,5",,,,"Junho 1982"
"Indicador do Som",,462,"52,5",,,,"Junho 1982"
"Índice Geral Classificado do Volume 52",,535,"52,5",,,,"Junho 1982"
"Informações Sobre a LABRE",,518,"52,5",,,,"Junho 1982"
"Informe dos 11","José Américo Mendes",467,"52,5",,,,"Junho 1982"
"Mercado do Som",,462,"52,5",,,,"Junho 1982"
"Metrônomo Eletrônico","Carlos Henrique da Silva Dittz",455,"52,5",,,,"Junho 1982"
"Mini-Bolsa dos LABREanos",,530,"52,5",,,,"Junho 1982"
"Noticiário de VHF",,513,"52,5",,,,"Junho 1982"
"Novo TV Mitsubishi",,461,"52,5",,,,"Junho 1982"
"O Balum 3,5/28 com Núcleo de Ar","Erich Breitag",482,"52,5",,,,"Junho 1982"
"O Que Há no Mercado","José Américo Mendes",467,"52,5",,,,"Junho 1982"
"Onde Comprar",,525,"52,5",,,,"Junho 1982"
"Os Testes de E-P: A K-40 na Calha","José Américo Mendes",473,"52,5",,,,"Junho 1982"
"Os Testes de E-P: A Today na Mala","José Américo Mendes",472,"52,5",,,,"Junho 1982"
"Panorama Radioamadorístico","PY1CC",497,"52,5",,,,"Junho 1982"
"Poleiro dos Pica-Paus","PY1afa e PY1CC",519,"52,5",,,,"Junho 1982"
"Propagação",,467,"52,5",,,,"Junho 1982"
"QRP","PY2tu",502,"52,5",,,,"Junho 1982"
"QSL - Endereços de E-P",,515,"52,5",,,,"Junho 1982"
"QSP",,527,"52,5",,,,"Junho 1982"
"QSP-Última Hora",,534,"52,5",,,,"Junho 1982"
"Ribeirão Preto Realiza Exames","PY2fpp",496,"52,5",,,,"Junho 1982"
"Som-Dúvidas e Respostas",,465,"52,5",,,,"Junho 1982"
"Suplemento da Revista do Livro Eletrônico",,433,"52,5",,,,"Junho 1982"
"Teste de Tensões Transientes","Robert P. Balin",461,"52,5",,,,"Junho 1982"
"Um Filtro Ativo para Fonia, Telegrafia, Rtty, SsTV e AscII-Errata",,534,"52,5",,,,"Junho 1982"
"Um Pouco de Cada Coisa-Ainda a Propagação","José Américo Mendes",474,"52,5",,,,"Junho 1982"
"Um Provador de Tiristores","P. C. O'neil",449,"52,5",,,,"Junho 1982"
"A Rede em Pi-Como e Por Que (I)","Sérgio A. B. Bilac",51,"53,1",,,,"Julho 1982"
"Além da Imaginação","José Américo Mendes",33,"53,1",,,,"Julho 1982"
"Carta dos Leitores",,33,"53,1",,,,"Julho 1982"
"Componentes Nacionais para a Indústria Eletrônica",,32,"53,1",,,,"Julho 1982"
"Conhecendo os Colegas",83,83,"53,1",,,,"Julho 1982"
"CQ-Radioamadores",,45,"53,1",,,,"Julho 1982"
"C-S","Alberto João Laimgruber, PY2bbl",71,"53,1",,,,"Julho 1982"
"Das Anotações de Um Radioamador","Iwan Th. Halasz, PY2ah",56,"53,1",,,,"Julho 1982"
"De Um Led, Um Zener!","Domingo Marino",29,"53,1",,,,"Julho 1982"
"Falando de VHF","PY2bbl e PY1ylk",71,"53,1",,,,"Julho 1982"
"Freios com Comando Eletrônico",,25,"53,1",,,,"Julho 1982"
"Indicador do Som",,88,"53,1",,,,"Julho 1982"
"Informe dos 11","José Américo Mendes",33,"53,1",,,,"Julho 1982"
"Ligações À Terra dos Circuitos de RF","George W. Lagus",31,"53,1",,,,"Julho 1982"
"Memória para Telegrafia","Leandro M. C. Torres",47,"53,1",,,,"Julho 1982"
"Mercado do Som",,88,"53,1",,,,"Julho 1982"
"Mini-Bolsa dos LABREanos",,100,"53,1",,,,"Julho 1982"
"Noticiário de VHF",,77,"53,1",,,,"Julho 1982"
"O Mini-Tester","D. J. Edwards",22,"53,1",,,,"Julho 1982"
"O Que Há no Mercado",,33,"53,1",,,,"Julho 1982"
"Onde Comprar",,94,"53,1",,,,"Julho 1982"
"Panorama Radioamadorístico","PY1CC",65,"53,1",,,,"Julho 1982"
"Placar Eletrônico para Futebol de Botão","E. Mascarenhas de Oliveira",17,"53,1",,,,"Julho 1982"
"Poleiro dos Pica-Paus","PY1afa e PY1CC",84,"53,1",,,,"Julho 1982"
"Propagação","José Américo Mendes",33,"53,1",,,,"Julho 1982"
"QRP","PY2tu",60,"53,1",,,,"Julho 1982"
"QSL-Endereços de E-P",,80,"53,1",,,,"Julho 1982"
"Som-Dúvidas e Respostas","Paulo Albuquerque",93,"53,1",,,,"Julho 1982"
"Suplemento da Revista do Livro Eletrônico",,1,"53,1",,,,"Julho 1982"
"Um Batedor Eletrônico","Amer J. Feres, PY2djw",59,"53,1",,,,"Julho 1982"
"Um Pouco de Cada Coisa-O Computador Chega Às Comunicações","Trent Davis, Kaxh6460",40,"53,1",,,,"Julho 1982"
"A Rede em Pi-Como e Por Que (II-fim)","Sérgio A. B. Bilac",159,"53,2",,,,"Agosto 1982"
"A Today Como Antena Base","José Américo Mendes",145,"53,2",,,,"Agosto 1982"
"As Emissões Piloto","PY2xb",166,"53,2",,,,"Agosto 1982"
"Carta dos Leitores",,139,"53,2",,,,"Agosto 1982"
"Comitê Executivo da Iaru Reune-Se em Brasília",,164,"53,2",,,,"Agosto 1982"
"CQ-Radioamadores",,151,"53,2",,,,"Agosto 1982"
"Ecos do Dia do VHF",,169,"53,2",,,,"Agosto 1982"
"Falando de VHF","PY2bbl e PY1ylk",166,"53,2",,,,"Agosto 1982"
"Indicador do Som",,138,"53,2",,,,"Agosto 1982"
"Informações Sobre a LABRE",,165,"53,2",,,,"Agosto 1982"
"Informe dos 11","José Américo Mendes",139,"53,2",,,,"Agosto 1982"
"Informe dos Onze",,139,"53,2",,,,"Agosto 1982"
"Mercado do Som",,136,"53,2",,,,"Agosto 1982"
"Mini-Bolsa dos LABREanos",,201,"53,2",,,,"Agosto 1982"
"Noticiário de VHF",,170,"53,2",,,,"Agosto 1982"
"O Fuse-Test","A. R. Winstanley",129,"53,2",,,,"Agosto 1982"
"O Eletromóbile","Osvaldo Del Pintor, PY2uoz",121,"53,2",,,,"Agosto 1982"
"O Que Faltava para as Identificadoras Puncionadas",,128,"53,2",,,,"Agosto 1982"
"O Que Há no Mercado",,139,"53,2",,,,"Agosto 1982"
"O Rcvr 10-80 M","Henry José Ubiracy",153,"53,2",,,,"Agosto 1982"
"Onde Comprar",,196,"53,2",,,,"Agosto 1982"
"Panorama Radioamadorístico","PY1CC",178,"53,2",,,,"Agosto 1982"
"Pavio Curto","José Américo Mendes",139,"53,2",,,,"Agosto 1982"
"Poleiro dos Pica-Paus","PY1CC e PY1afa",185,"53,2",,,,"Agosto 1982"
"Propagação",,139,"53,2",,,,"Agosto 1982"
"QRP","PY2tu",174,"53,2",,,,"Agosto 1982"
"QSL-Endereços de E-P",,191,"53,2",,,,"Agosto 1982"
"QSP",,200,"53,2",,,,"Agosto 1982"
"Recepção de DX em FM","Claudio R. De Moraes",195,"53,2",,,,"Agosto 1982"
"Sensor Eletrônico para Caixa D'água","Fotias Karabelas",126,"53,2",,,,"Agosto 1982"
"Simulador de Quadrifonia","B. York",133,"53,2",,,,"Agosto 1982"
"Som-Dúvidas e Respostas","Paulo Albuquerque",138,"53,2",,,,"Agosto 1982"
"Suplemento da Revista do Livro Eletrônico",,105,"53,2",,,,"Agosto 1982"
"Um Computador-Radioamador","Antonio Carvalho de Almeida, PY6fh",163,"53,2",,,,"Agosto 1982"
"Um Pouco de Cada Coisa-Antenas, Ainda o Nosso Assunto","José Américo Mendes",147,"53,2",,,,"Agosto 1982"
"Um Pouco de Cada Coisa-Antenas, Ainda o Nosso Assunto-Errata",,208,"53,2",,,,"Agosto 1982"
"Uma Antena de Sótão para a Faixa dos 40 Metros","Ney Thys, PY1dwn",58,"53,2",,,,"Agosto 1982"
"A Eletrônica Cria o Pior Inimigo para os Assaltantes",,311,"53,3",,,,"Setembro 1982"
"As Emissões-Piloto (II-fim)","PY2xb",296,"53,3",,,,"Setembro 1982"
"Bom, Muito Bom Mesmo, o 1º Concurso E-P de VHF-2 Metros","PY2bbl",293,"53,3",,,,"Setembro 1982"
"Carta dos Leitores",,249,"53,3",,,,"Setembro 1982"
"Colher de Chá, com Cicuta",,249,"53,3",,,,"Setembro 1982"
"Correspondência",,297,"53,3",,,,"Setembro 1982"
"CQ-Radioamadores",,259,"53,3",,,,"Setembro 1982"
"Eletrônicas-As Novas Ferramentas da Bosch",,234,"53,3",,,,"Setembro 1982"
"Falando de VHF","PY2bbl",293,"53,3",,,,"Setembro 1982"
"Indicador do Som",,241,"53,3",,,,"Setembro 1982"
"Informações Diversas","Emanuel Tavares Filho",308,"53,3",,,,"Setembro 1982"
"Informe dos 11","José Américo Mendes",249,"53,3",,,,"Setembro 1982"
"Instrução,009/82-Dentel",,273,"53,3",,,,"Setembro 1982"
"Linear de 10 Mw-Errata",,324,"53,3",,,,"Setembro 1982"
"Mercado do Som",,241,"53,3",,,,"Setembro 1982"
"Mini-Bolsa dos LABREanos",,316,"53,3",,,,"Setembro 1982"
"Noticiário de VHF",,299,"53,3",,,,"Setembro 1982"
"O Auto-Stop","Hubert Melin, PY1vly",238,"53,3",,,,"Setembro 1982"
"O Que Há no Mercado",,24,"53,3",,,,"Setembro 1982"
"O Tira-Teima","Louis Facen",225,"53,3",,,,"Setembro 1982"
"Onde Comprar",,309,"53,3",,,,"Setembro 1982"
"Panorama Radioamadorístico","PY1CC",277,"53,3",,,,"Setembro 1982"
"Poleiro dos Pica-Paus","PY1CC e PY1afa",301,"53,3",,,,"Setembro 1982"
"Polyvox Lança o Conjunto-Junto",,246,"53,3",,,,"Setembro 1982"
"Projeto Realtom-Um Seletor de Sinais de CW-Errata",,324,"53,3",,,,"Setembro 1982"
"Propagação","José Américo Mendes",249,"53,3",,,,"Setembro 1982"
"QRP","PY2tu",285,"53,3",,,,"Setembro 1982"
"QSL-Endereços de E-P",,281,"53,3",,,,"Setembro 1982"
"QSP",,313,"53,3",,,,"Setembro 1982"
"QSP-Última Hora",,324,"53,3",,,,"Setembro 1982"
"Realtom-A Maravilha Sonhada","Armando Paulino de Almeida, PY1clb",305,"53,3",,,,"Setembro 1982"
"Redução de Ruídos-O High-Com II","Paulo Tadeu Siqueira",229,"53,3",,,,"Setembro 1982"
"Som-Dúvidas e Respostas","Paulo Albuquerque",247,"53,3",,,,"Setembro 1982"
"Suplemento da Revista do Livro Eletrônico",,209,"53,3",,,,"Setembro 1982"
"Um Filtro Ativo para Fonia, Telegrafia, Rtty, SsTV e AscII-Errata",,324,"53,3",,,,"Setembro 1982"
"Um Macro Micro",,319,"53,3",,,,"Setembro 1982"
"Um Monitor de Tensão","Pedro Paulo Rocha",235,"53,3",,,,"Setembro 1982"
"Um Pouco de Cada Coisa-As Estações Móveis","José Américo Mendes",255,"53,3",,,,"Setembro 1982"
"Um Provador de Cabos Mono/Estéreo","M. Simpson",231,"53,3",,,,"Setembro 1982"
"Um Super-Heterodino Simples e Moderno para Radioamadores","Louis Facen, Hb9hw",260,"53,3",,,,"Setembro 1982"
"Carta dos Leitores",,363,"53,4",,,,"Outubro 1982"
"Certificado T. E. B.",,412,"53,4",,,,"Outubro 1982"
"Conhecendo os Colegas",,421,"53,4",,,,"Outubro 1982"
"Correspondência",,415,"53,4",,,,"Outubro 1982"
"CQ-Radioamadores",,383,"53,4",,,,"Outubro 1982"
"Falando de VHF","PY2bbl",411,"53,4",,,,"Outubro 1982"
"Indicador do Som",,362,"53,4",,,,"Outubro 1982"
"Informações Sobre a LABRE",,436,"53,4",,,,"Outubro 1982"
"Informe dos 11","José Américo Mendes",368,"53,4",,,,"Outubro 1982"
"Intelco Lança Novo Transmissor do Bip",,346,"53,4",,,,"Outubro 1982"
"Laser-Apenas Uma Luz?",,347,"53,4",,,,"Outubro 1982"
"Meça 1 Kw com seu Hansen Fs-5","Ubaldo Guimarães, PY4ug",406,"53,4",,,,"Outubro 1982"
"Mercado do Som",,362,"53,4",,,,"Outubro 1982"
"Mini-Bolsa dos LABREanos",,440,"53,4",,,,"Outubro 1982"
"Montando o Alfinete","Paulo Edson Mazzei, PY2ph",396,"53,4",,,,"Outubro 1982"
"Noticiário de VHF",,413,"53,4",,,,"Outubro 1982"
"O Que Há no Mercado",,363,"53,4",,,,"Outubro 1982"
"Onde Comprar",,436,"53,4",,,,"Outubro 1982"
"Os Bureaux de QSL","PY2ah",409,"53,4",,,,"Outubro 1982"
"Os Bureaux de QSL","PY2ah",409,"53,4",,,,"Outubro 1982"
"Panorama Radioamadorístico","PY1CC",422,"53,4",,,,"Outubro 1982"
"Poleiro dos Pica-Paus",,430,"53,4",,,,"Outubro 1982"
"Projeto e Construção de Filtros Passa-Altas para Eliminação de TVi","Erich Breitag",385,"53,4",,,,"Outubro 1982"
"Propagação","José Américo Mendes",368,"53,4",,,,"Outubro 1982"
"QRP","PY2tu",418,"53,4",,,,"Outubro 1982"
"QSL- Endereços de E-P",,428,"53,4",,,,"Outubro 1982"
"QSP",,438,"53,4",,,,"Outubro 1982"
"Radiocomando Produzido no Brasil",,381,"53,4",,,,"Outubro 1982"
"Ruído nos Receptores-A Miscigenação Recíproca","Flávio D. Assis, PY2iw",408,"53,4",,,,"Outubro 1982"
"Som-Dúvidas e Respostas","Paulo Albuquerque",366,"53,4",,,,"Outubro 1982"
"Supergerador de Efeitos Luminosos","J. Mcbride",341,"53,4",,,,"Outubro 1982"
"Suplemento da Revista do Livro Eletrônico",,325,"53,4",,,,"Outubro 1982"
"Um Amplificador de Escala CA para VOM","R. A. Penfold",351,"53,4",,,,"Outubro 1982"
"Um Controlador de Potência","E. Mascarenhas de Oliveira",356,"53,4",,,,"Outubro 1982"
"Um Papo Entre Amigos","José Américo Mendes",368,"53,4",,,,"Outubro 1982"
"Um Pouco de Cada Coisa-Um Sistema de Emergência para sua Estação Base","José Américo Mendes",377,"53,4",,,,"Outubro 1982"
"Um Provador de Transistores","Carlos Henrique S. Dittz",359,"53,4",,,,"Outubro 1982"
"1º Concurso E-P de VHF 2m-Balanço Final","PY2bbl",516,"53,5",,,,"Nov/Dez 1982"
"A Importância do Radioamadorismo para a Defesa Nacional","PY2ah",514,"53,5",,,,"Nov/Dez 1982"
"Alimentação À Prova de Interrupção","PY1afa",476,"53,5",,,,"Nov/Dez 1982"
"As Máquinas Eletrônicas Que Falam","M. Raspberry",461,"53,5",,,,"Nov/Dez 1982"
"Cabo Coaxial Usado Como Indutor","A. M. Ventura Marques, PY2egz",511,"53,5",,,,"Nov/Dez 1982"
"Carta dos Leitores","PX1e-6411",481,"53,5",,,,"Nov/Dez 1982"
"Conhecendo os Colegas-P´Gs 520-531",,531,"53,5",,,,"Nov/Dez 1982"
"CQ-Radioamadores",,491,"53,5",,,,"Nov/Dez 1982"
"Despertador Solar-Errata",,543,"53,5",,,,"Nov/Dez 1982"
"Detector Sonoro Fonoativado","Andrés Vila",474,"53,5",,,,"Nov/Dez 1982"
"Energia Solar para Radioamadores","Homero Sette Silva",500,"53,5",,,,"Nov/Dez 1982"
"Falando de VHF","PY2bbl e PY1ylk",516,"53,5",,,,"Nov/Dez 1982"
"Indicador do Som",,477,"53,5",,,,"Nov/Dez 1982"
"Índice Geral Classificado do Volume 53",,555,"53,5",,,,"Nov/Dez 1982"
"Informações Sobre a LABRE",,528,"53,5",,,,"Nov/Dez 1982"
"Informe dos 11","José Américo Mendes",481,"53,5",,,,"Nov/Dez 1982"
"LABRE 1986","PY2ah",507,"53,5",,,,"Nov/Dez 1982"
"Manipulador Eletrônico-Errata",,543,"53,5",,,,"Nov/Dez 1982"
"Mercado do Som",,477,"53,5",,,,"Nov/Dez 1982"
"Mini-Bolsa dos LABREanos",,546,"53,5",,,,"Nov/Dez 1982"
"Montando o Alfinete-Errata",,543,"53,5",,,,"Nov/Dez 1982"
"Noticiário","PY1ylk",520,"53,5",,,,"Nov/Dez 1982"
"O Batedor 2-Bf","J. Reynaldo da Fonseca, PY2jrf",493,"53,5",,,,"Nov/Dez 1982"
"O Clube Ideal na Fc","José Américo Mendes",481,"53,5",,,,"Nov/Dez 1982"
"O Que Há no Mercado","PX1e-6411",481,"53,5",,,,"Nov/Dez 1982"
"Onde Comprar",,541,"53,5",,,,"Nov/Dez 1982"
"Os Bureaux de QSL-Errata",,543,"53,5",,,,"Nov/Dez 1982"
"Os Testes de E-P-Filtro Telegráfico Zulu","Ney Thys, PY1dwn",535,"53,5",,,,"Nov/Dez 1982"
"Panorama Radioamadorístico","PY1CC",525,"53,5",,,,"Nov/Dez 1982"
"Poleiro dos Pica-Paus","PY1afa e PY1CC",532,"53,5",,,,"Nov/Dez 1982"
"Propagação","José Américo Mendes",481,"53,5",,,,"Nov/Dez 1982"
"Propagação",,481,"53,5",,,,"Nov/Dez 1982"
"QRP","PY2tu",521,"53,5",,,,"Nov/Dez 1982"
"QSL-Endereços de E-P",,529,"53,5",,,,"Nov/Dez 1982"
"QSP",,544,"53,5",,,,"Nov/Dez 1982"
"Suplemento da Revista do Livro Eletrônico",,445,"53,5",,,,"Nov/Dez 1982"
"Transmissor QRP","Luis Carlos Peters Motta, PY3wwl",504,"53,5",,,,"Nov/Dez 1982"
"Um Conversor 12v CC /110v CA para Barbeadores Elétricos","D. S. Gibbs e I. M. Shaw",466,"53,5",,,,"Nov/Dez 1982"
"Um Dimmer/Luz Psicodélica","Andrés Moreno",471,"53,5",,,,"Nov/Dez 1982"
"Um Pouco de Cada Coisa-Acerte o Rumo, Via Computador","José Américo Mendes",487,"53,5",,,,"Nov/Dez 1982"
"Um Pré-Seletor de RF para 3,5 MHz-Errata",,543,"53,5",,,,"Nov/Dez 1982"
"Uma Fontinha para o Filtro Zulu","PY1afa",539,"53,5",,,,"Nov/Dez 1982"
