Artigo:,Autor:,Página:,Edição:,Categorias:,Componentes:,Notas:,Data:
Electrónica na Medicina,,5,9,,,,Junho/1948
Transmissor com chave de onda,,9,9,,,,Junho/1948
Televisão,,13,9,,,,Junho/1948
Receptor Douglas-Monitor 68,,14,9,,,,Junho/1948
Manual de Válvulas,,19,9,,,,Junho/1948
Receptor económico de uma Válvula,,23,9,,,,Junho/1948
Rádio-Vitrola portátil,,26,9,,,,Junho/1948
Gravação Magnética,,34,9,,,,Junho/1948
A televisão no esporte,,9,27,,,,Dezembro/1949
"Receptor de 5 Válvulas, para ondas longas",,13,27,,,,Dezembro/1949
Como calcular bobinas de radiofrequência,,16,27,,,,Dezembro/1949
Medição de consensadores eletrolíticos,,17,27,,,,Dezembro/1949
Pesquizador de metais,,21,27,,,,Dezembro/1949
Algumas explicações sobre o decíbel,,24,27,,,,Dezembro/1949
Suporte especial para ferros de soldar,,26,27,,,,Dezembro/1949
O que vai pelo rádio,,30,27,,,,Dezembro/1949
Um receptor especial,,9,36,,,,Setembro/1950
Resistências supressoras,,11,36,,,,Setembro/1950
Alinhamento e medições em receptores,,13,36,,,,Setembro/1950
Novidades industriais,,16,36,,,,Setembro/1950
Ligação de altofalantes suplementares em rádios e amplificadores,,17,36,,,,Setembro/1950
Demonstração TV,,19,36,,,,Setembro/1950
Circuito Comercial (Garod 5A1),,24,36,,,,Setembro/1950
Um receptor pushpull para ca-cc,,25,36,,,,Setembro/1950
Consultas,,30,36,,,,Setembro/1950
Como se calcula em rádio,,33,36,,,,Setembro/1950
Receptor universal Monitor C-57,,9,38,,,,Novembro/1950
O problema das agulhas,,11,38,,,,Novembro/1950
Regenerativo 3 válvulas,,14,38,,,,Novembro/1950
Como se calcula em rádio (continuação),,16,38,,,,Novembro/1950
Receptor FZ-6V6,,18,38,,,,Novembro/1950
Novidades industriais,,20,38,,,,Novembro/1950
PRF3-TV,,21,38,,,,Novembro/1950
Circuito Comercial (Montgomery-Ward 62-364),,26,38,,,,Novembro/1950
Construa seu receptor de televisão,,29,38,,,,Novembro/1950
Consultas,,34,38,,,,Novembro/1950
Olho mágico 6AF6,,9,41,,,,Fevereiro/1951
Voltôhmetro eletrônico,,10,41,,,,Fevereiro/1951
Prolongação da vida das válvulas transmissoras,,13,41,,,,Fevereiro/1951
Novidades bibliográficas,,14,41,,,,Fevereiro/1951
Receptor de automóvel,,15,41,,,,Fevereiro/1951
Como melhorar a qualidade sonora de um receptor,,17,41,,,,Fevereiro/1951
Guia de Consertos,,21,41,,,,Fevereiro/1951
"Circuito Comercial (Motorola 86x11Q, 68x12Q)",,28,41,,,,Fevereiro/1951
Cuidados com os cinescópios de televisão,,29,41,,,,Fevereiro/1951
Como se calcula em rádio,,31,41,,,,Fevereiro/1951
Consultas,,39,41,,,,Fevereiro/1951
Transmissor para a classe juvenil,,13,52,,,,Janeiro/1952
Caraterísticas de cinescópios,,16,52,,,,Janeiro/1952
Oscilador para praticar telegrafia,,17,52,,,,Janeiro/1952
A Técnica da Televisão – 6a Parte,,19,52,,,,Janeiro/1952
Regenerativo de duas válvulas,,21,52,,,,Janeiro/1952
Válvulas militares (conclusão),,24,52,,,,Janeiro/1952
Curvas caraterísticas de válvulas,,25,52,,,,Janeiro/1952
Livros em revista,,28,52,,,,Janeiro/1952
Radiofotos EEUU-São Paulo,,29,52,,,,Janeiro/1952
Circuito comercial (Philco Mod. 46-200),,34,52,,,,Janeiro/1952
Como diminuir o custo dos receptores de rádio e de televisão,,37,52,,,,Janeiro/1952
Receptor de 5 válvulas com seletividade melhorada para recepção de estações locais,,38,52,,,,Janeiro/1952
Consultas,,40,52,,,,Janeiro/1952
Um novo receptor com 6 faixas,,13,55,,,,Abril/1952
Substituindo válvulas por diodos de germânio,,16,55,,,,Abril/1952
Receptor AM/FM de alta qualidade,,17,55,,,,Abril/1952
Emissoras brasileiras,,20,55,,,,Abril/1952
A técnica da televisão: 9a Parte – A sincronização das imagens,,21,55,,,,Abril/1952
Quatro receptores de 5 válvulas,,24,55,,,,Abril/1952
Filtros para pick-ups,,25,55,,,,Abril/1952
Altofalante sem diafragma,,27,55,,,,Abril/1952
Receptor Atkins HF2,,29,55,,,,Abril/1952
Noticiário Industrial,,30,55,,,,Abril/1952
Rádio Televisão Paulista S/A,,31,55,,,,Abril/1952
Circuito Comercail – Bendix – Modelo 55 x 4,,36,55,,,,Abril/1952
O transistor,,39,55,,,,Abril/1952
Consultas,,46,55,,,,Abril/1952
Circuito Comercial – Fada – Modelos 288 e 295,,51,55,,,,Abril/1952
A técnica da televisão – 10a Parte – A qualidade da imagens na TV,,11,56,,,,Maio/1952
Receptor 3 faixas,,15,56,,,,Maio/1952
Flying Spot Scanner,,18,56,,,,Maio/1952
Construindo instrumentos CA/CC com diodos de germânio Philips,,19,56,,,,Maio/1952
Livros em revista,,22,56,,,,Maio/1952
Receptor AM/FM de alta qualidade – continuação,,23,56,,,,Maio/1952
Cerâmica Piezoelétrica,,27,56,,,,Maio/1952
Voltímetro eletrônico,,35,56,,,,Maio/1952
Um pequeno amplificador CA/CC,,38,56,,,,Maio/1952
Consultas,,40,56,,,,Maio/1952
Circuito Comercial – Zenith modelo 5D810,,45,56,,,,Maio/1952
Circuito para praticar telegrafia,,47,56,,,,Maio/1952
Circuito Comercial – RCA modelo Q121,,49,56,,,,Maio/1952
Medidas de segurança aconselháveis para o trabalho com cinescópios,,54,56,,,,Maio/1952
Novos códigos de cores,,58,56,,,,Maio/1952
Válvulas estabilizadoras de tensão,,11,57,,,,Jun/Jul/1952
A técnica da televisão – 11a Parte – Os sintonizadores de televisão,,13,57,,,,Jun/Jul/1952
Receptor a pilhas,,15,57,,,,Jun/Jul/1952
Um novo adaptador para FM,,18,57,,,,Jun/Jul/1952
O decibel,,21,57,,,,Jun/Jul/1952
Unidades RC cerâmicas,,23,57,,,,Jun/Jul/1952
Bobinas Comar,,25,57,,,,Jun/Jul/1952
Douglas Radioelétrica S/A,,27,57,,,,Jun/Jul/1952
Novidades industriais,,36,57,,,,Jun/Jul/1952
Novo gerador de sinais TV da Philips,,37,57,,,,Jun/Jul/1952
Circuito Comercial – Crosley modelo 56FC,,39,57,,,,Jun/Jul/1952
Consultas,,40,57,,,,Jun/Jul/1952
Associação profissional da indústria de aparelhos eletrônicos de São Paulo,,55,57,,,,Jun/Jul/1952
Transmissor de fonia de 90 watts com 4 válvulas PE 06/40 N,,11,58,,,,Agosto/1952
Amplificador de dois canais,,12,58,,,,Agosto/1952
Televisão submarina,,15,58,,,,Agosto/1952
Tabela de fios níquel-cromo,,16,58,,,,Agosto/1952
A técnica da televisão – 12a Parte – Discriminadores de FM,,17,58,,,,Agosto/1952
O decibel (conclusão),,20,58,,,,Agosto/1952
Fontes de alimentação,,22,58,,,,Agosto/1952
A lâmpada de dial nos receptores ca cc,,23,58,,,,Agosto/1952
Técnica de gravação e reprodução estereofônicas do som,,25,58,,,,Agosto/1952
Nova câmara TV,,27,58,,,,Agosto/1952
Indicador automático de fumaça,,35,58,,,,Agosto/1952
Livros em revista,,36,58,,,,Agosto/1952
Consultas,,40,58,,,,Agosto/1952
Navegação pelo rádio,,47,58,,,,Agosto/1952
Receptor galena,,51,58,,,,Agosto/1952
A técnica da televisão – 14a Parte Novos Cinescópios,,11,60,,,,Outubro/1952
Foto-intervalador eletrônico,,13,60,,,,Outubro/1952
Receptor para acumulador,,15,60,,,,Outubro/1952
O transístor (continuação),,18,60,,,,Outubro/1952
O condensador eletrolítico,,21,60,,,,Outubro/1952
Cercas Elétricas,,24,60,,,,Outubro/1952
O reporter Bandeirantes,,27,60,,,,Outubro/1952
Um receptor para aviões,,35,60,,,,Outubro/1952
Livros em revista,,38,60,,,,Outubro/1952
Consultas,,40,60,,,,Outubro/1952
Circuito Comercial – RCA – Modelo 61-8 e 61-9,,43,60,,,,Outubro/1952
Qual o autotransformador que deseja enrolar,,9,62,,,,Dezembro/1952
Tabela de comparação dos códigos B&S e SWG,,11,62,,,,Dezembro/1952
A calibração de superheterodinos – continuação,,12,62,,,,Dezembro/1952
Livros em revista,,14,62,,,,Dezembro/1952
Receptor C-55-A,,15,62,,,,Dezembro/1952
Um receptor para rede e pilha,,18,62,,,,Dezembro/1952
Amplificador 80 Watts,,22,62,,,,Dezembro/1952
Sinfonia industrial,,25,62,,,,Dezembro/1952
O relé eletrônico GM4802,,33,62,,,,Dezembro/1952
Microvoltímetro de audiofrequencia,,36,62,,,,Dezembro/1952
Circuito Comercial: Emerson 586,,38,62,,,,Dezembro/1952
Consultas,,39,62,,,,Dezembro/1952
Circuito comercial – Sentinel 137-U,,49,62,,,,Dezembro/1952
Regulador automático de tensão,,11,64,,,,Fevereiro/1953
292 canais de TV no Brasil!!!,,14,64,,,,Fevereiro/1953
Recepctor cabeceira,,15,64,,,,Fevereiro/1953
A televisão industrial,,18,64,,,,Fevereiro/1953
Livros em revista,,19,64,,,,Fevereiro/1953
As thyratrons e suas aplicações,,20,64,,,,Fevereiro/1953
Enrolamento de bobinas móveis de altofalantes,,23,64,,,,Fevereiro/1953
Circuito comercial: Emerson – Modelo 569,,24,64,,,,Fevereiro/1953
As antenas do Empire State Building,,25,64,,,,Fevereiro/1953
Receptor a cristal em push-pull,,35,64,,,,Fevereiro/1953
Consultas,,36,64,,,,Fevereiro/1953
Qualo o autotransformador que deseja montar? (suplemento),,56,64,,,,Fevereiro/1953
Calibrador de FI,,9,65,,,,Março/1953
Receptor cabeceira,,11,65,,,,Março/1953
Receptor TV,,15,65,,,,Março/1953
O olho eletrônico,,18,65,,,,Março/1953
A propagação das ondas,,19,65,,,,Março/1953
Os Thyratrons e suas aplicações,,21,65,,,,Março/1953
Camara TV portátil,,23,65,,,,Março/1953
Noticiário Industrial,,32,65,,,,Março/1953
Circuito Comercial – General Electric modelo 4SJ3A1,,34,65,,,,Março/1953
Consultas,,43,65,,,,Março/1953
Provador de isolação,,9,66,,,,Abril/Maio/1953
Analisador de válvulas,,12,66,,,,Abril/Maio/1953
Uma válvula experimental de alta transcondutância,,13,66,,,,Abril/Maio/1953
Receptor TV (2a Parte),,15,66,,,,Abril/Maio/1953
As thyratrons (3a Parte),,17,66,,,,Abril/Maio/1953
Livros em revista,,20,66,,,,Abril/Maio/1953
Circuito Comercial – Hallicraftiers mod EX-102,,21,66,,,,Abril/Maio/1953
Excursão ao coração do mundo eletrônico,,22,66,,,,Abril/Maio/1953
A fabricação de válvulas,,23,66,,,,Abril/Maio/1953
Circuito compressor para miliamperímetros,,35,66,,,,Abril/Maio/1953
Consultas,,38,66,,,,Abril/Maio/1953
O tele-magic,,9,67,,,,Junho/1953
Transistores Philips,,11,67,,,,Junho/1953
Metronomo eletrônico,,14,67,,,,Junho/1953
Receptor de televisão (conclusão),,15,67,,,,Junho/1953
Toca-discos,,19,67,,,,Junho/1953
As thyratrons (conclusão),,21,67,,,,Junho/1953
Windor S.A.,,23,67,,,,Junho/1953
Noticiário Industrial,,31,67,,,,Junho/1953
Circuito comercial – Admiral modelo 6Q11 – 6Q14,,36,67,,,,Junho/1953
Uma experiência interessante,,38,67,,,,Junho/1953
Consultas,,40,67,,,,Junho/1953
Circuito Comercial – Philco modelo 46-1203,,46,67,,,,Junho/1953
Receptor de 15 Válvulas,,9,68,,,,Julho/1953
Oscilador de audiofrequencias,,12,68,,,,Julho/1953
Circuito limitador,,13,68,,,,Julho/1953
Livros em revista,,14,68,,,,Julho/1953
Cálculao de bobinas,,15,68,,,,Julho/1953
Agulhas permanentes,,17,68,,,,Julho/1953
Transistores Philips,,18,68,,,,Julho/1953
Circuito comercial – Montgomery Ward Modelo 74WG-2703A,,22,68,,,,Julho/1953
Exposição de telecomunicação,,23,68,,,,Julho/1953
Consultas,,38,68,,,,Julho/1953
Transmissor de emergencia,,9,69,,,,Agost/Set/1953
Regulador Fotoelétrico,,12,69,,,,Agost/Set/1953
Receptor a acumulador,,15,69,,,,Agost/Set/1953
Adaptação pilha-acumulador,,18,69,,,,Agost/Set/1953
O problema de microfonia,,20,69,,,,Agost/Set/1953
Como são projetadas as emissoras de TV,,23,69,,,,Agost/Set/1953
Noticiário Industrial,,31,69,,,,Agost/Set/1953
Novo sistema de TV em cores,,33,69,,,,Agost/Set/1953
Circuito comercial – Admiral – modelo 7 RT 41 – 43,,36,69,,,,Agost/Set/1953
Consultas,,38,69,,,,Agost/Set/1953
Medidor de orientação,,45,69,,,,Agost/Set/1953
EL-84 – O novo pentodo de saída da Philips,,9,70,,,,Outubro/1953
Adaptação rede  - acumulador,,11,70,,,,Outubro/1953
Modificação de circuitos,,14,70,,,,Outubro/1953
Receptor de 3 faixas,,15,70,,,,Outubro/1953
Livros em revista,,18,70,,,,Outubro/1953
Contador de radiação,,19,70,,,,Outubro/1953
Em 1954 – as primeiras valvulas receptoras nacionais,,22,70,,,,Outubro/1953
"ZYR-77, ZYR-78, transmissores de ondas curtas da rádio bandeirantes",,23,70,,,,Outubro/1953
Circuito comercial – Air King – modelo 4232,,32,70,,,,Outubro/1953
O audiofrequencímetro,,34,70,,,,Outubro/1953
Consultas,,36,70,,,,Outubro/1953
Frequencias padrão,,9,71,,,,Novembro/1953
22 de Outubro: O dia do radioamador,,11,71,,,,Novembro/1953
O primeiro receptor,,13,71,,,,Novembro/1953
Amplificador 15 Watts,,15,71,,,,Novembro/1953
Noticiario industrial,,18,71,,,,Novembro/1953
Substituição de válvulas,,19,71,,,,Novembro/1953
Circuito Comercial – Philco – modelo 42-322,,22,71,,,,Novembro/1953
TV Record – canal 7,,23,71,,,,Novembro/1953
EL-84 – O novo pentodo de saída da Philips,,31,71,,,,Novembro/1953
Consultas,,36,71,,,,Novembro/1953
Intercomunicador,,9,76,,,,Maio/Junho/1954
Amplificador 10 Watts,,12,76,,,,Maio/Junho/1954
Noticias diversas,,15,76,,,,Maio/Junho/1954
Receptor TV 21”,,16,76,,,,Maio/Junho/1954
Recepctor conversível de baixo custo,,18,76,,,,Maio/Junho/1954
Livros em revista,,22,76,,,,Maio/Junho/1954
Cinemascope,,23,76,,,,Maio/Junho/1954
Ponta de prova para RF,,31,76,,,,Maio/Junho/1954
Circuito comercial – Hoffman modelo C530,,32,76,,,,Maio/Junho/1954
Tempos de exposição das camaras fotográficas,,33,76,,,,Maio/Junho/1954
Consultas,,40,76,,,,Maio/Junho/1954
Conversor para ondas curtas,,13,83,,,,Janeiro/1955
Contador Geiger-Muller operado por baterias,,15,83,,,,Janeiro/1955
Noticiario industrial,,18,83,,,,Janeiro/1955
Circuito Comercial – Philips 510-A,,19,83,,,,Janeiro/1955
Transformador de saída horizontal (conclusão),,21,83,,,,Janeiro/1955
Comparador industrial de indutâncias,,23,83,,,,Janeiro/1955
A eletrônica na Exposição do VI Centenário de São Paulo,,25,83,,,,Janeiro/1955
Indutância e condensador de filtragem,,37,83,,,,Janeiro/1955
Consultas,,41,83,,,,Janeiro/1955
Os toca-discos,,11,84,,,,Fevereiro/1955
A chave de ondas,,14,84,,,,Fevereiro/1955
Contador Geiger-Muller,,15,84,,,,Fevereiro/1955
Circuito comercial – ESPEY mod. 501,,18,84,,,,Fevereiro/1955
Os microfones,,19,84,,,,Fevereiro/1955
Livros em revista,,22,84,,,,Fevereiro/1955
Consertos na casa do freguês,,23,84,,,,Fevereiro/1955
As mágicas da Ciência,,25,84,,,,Fevereiro/1955
Alimentação com 6 ou 12 Volts,,34,84,,,,Fevereiro/1955
"Circuito Comercial – Packard Bell mod. 673A, 673B, 880",,36,84,,,,Fevereiro/1955
Consultas,,37,84,,,,Fevereiro/1955
Os toca-discos (continuação),,9,85,,,,Março/1955
Inversor de fase,,11,85,,,,Março/1955
O oscilador local,,12,85,,,,Março/1955
Receptor C-6/CA,,15,85,,,,Março/1955
Aquecedor de RF,,19,85,,,,Março/1955
Diodos de Germânio,,21,85,,,,Março/1955
Noticiário Industrial,,22,85,,,,Março/1955
O televisor Philips TR 1721 A/61,,23,85,,,,Março/1955
O relê eletrônico,,31,85,,,,Março/1955
Circuito Comercial – Philips mod. V4 A,,33,85,,,,Março/1955
Consultas,,40,85,,,,Março/1955
Máquina de enrolar,,13,87,,,,Maio/1955
Um novo baffle para altofalantes,,16,87,,,,Maio/1955
A aceleração de particulas atômicas,,17,87,,,,Maio/1955
Noticiário Industrial,,20,87,,,,Maio/1955
O orçamento na prática de rádio-reparador,,21,87,,,,Maio/1955
Circuito comercial Philips – mod. BR-518-A,,24,87,,,,Maio/1955
A fabricação de condensadores variáveis,,25,87,,,,Maio/1955
Alta fidelidade: As curvas de gravação,,35,87,,,,Maio/1955
Consultas,,39,87,,,,Maio/1955
Micro-amplificador,,11,88,,,,Junho/1955
Duração de vida dos condensadores eletrolíticos,,14,88,,,,Junho/1955
Receptor CB-55,,15,88,,,,Junho/1955
Alta fidelidade: Inversores de fase,,18,88,,,,Junho/1955
Livros em revista,,20,88,,,,Junho/1955
Detecção e medição de radiações radioativas,,21,88,,,,Junho/1955
Circuito Comercial – Zenith – Mod. 6R880,,24,88,,,,Junho/1955
A fabricação de componentes Philips,,25,88,,,,Junho/1955
Consultas,,41,88,,,,Junho/1955
Carregadores de baterias,,11,90,,,,Agosto/1955
Válvulas especiais para TV,,13,90,,,,Agosto/1955
Ligação independente de 2 altofalantes,,15,90,,,,Agosto/1955
Receptor com válvulas noval,,16,90,,,,Agosto/1955
Livros em revista,,19,90,,,,Agosto/1955
Milivoltímetro para corrente contínua,,20,90,,,,Agosto/1955
Alta fidelidade: Controle de intensidade sonora,,22,90,,,,Agosto/1955
Circuito Comercial – Garod 4B-1,,24,90,,,,Agosto/1955
A exportação da Indústria de acessórios de rádio e televisão de Chicago,,25,90,,,,Agosto/1955
Consultas,,43,90,,,,Agosto/1955
Código de cores,,11,92,,,,Outubro/1955
Livros em revista,,14,92,,,,Outubro/1955
Alta fidelidade: Preamplificador,,15,92,,,,Outubro/1955
Filtro de chiado,,18,92,,,,Outubro/1955
TV em Cores,,19,92,,,,Outubro/1955
Circuito comercial – Philips mod. BR 198 – 199 U,,22,92,,,,Outubro/1955
Pilhas e baterias Eveready,,23,92,,,,Outubro/1955
A chave de ondas,,29,92,,,,Outubro/1955
Borracha condutiva,,32,92,,,,Outubro/1955
Consultas,,34,92,,,,Outubro/1955
Pega-ladrões eletrônico,,13,93,,,,Novembro/1955
Tv em cores (2a Parte),,16,93,,,,Novembro/1955
Circuito comercial – Montgomery Ward mod. 94WG-1804D,,18,93,,,,Novembro/1955
Alta fidelidade: Um móvel acústico,,19,93,,,,Novembro/1955
Filtro compensador,,22,93,,,,Novembro/1955
Noticiário Industrial,,24,93,,,,Novembro/1955
Transmissor de telegrafia,,29,93,,,,Novembro/1955
Voltímetro à válvula,,33,93,,,,Novembro/1955
Consultas,,41,93,,,,Novembro/1955
Cinescópios – sem pescoço,,21,110,,,,Abril/1957
A gravação magnética (2a Parte),,23,110,,,,Abril/1957
Livros em revista,,26,110,,,,Abril/1957
Introdução a física nuclear (8a parte),,27,110,,,,Abril/1957
A técnica dos circuitos impressos,,29,110,,,,Abril/1957
Circuito comercial – Emerson mod. 561 – 615,,32,110,,,,Abril/1957
Válvulas profissionais,,33,110,,,,Abril/1957
Multiplicador para a faixa de resistência em analisadores,,45,110,,,,Abril/1957
Condensadores de tântalo,,48,110,,,,Abril/1957
Quebra-cabeças,,50,110,,,,Abril/1957
Fonógrafo portátil,,51,110,,,,Abril/1957
Consultas,,53,110,,,,Abril/1957
Superheterodino 2 Faixas transistorizado,,25,115,,,,Setembro/1957
O osciloscópio a serviço da TV,,28,115,,,,Setembro/1957
Rádio-Telefonia em Microondas,,33,115,,,,Setembro/1957
Receptores de TV portáteis,,37,115,,,,Setembro/1957
Noticiário Industrial,,40,115,,,,Setembro/1957
Introdução a física nuclear (conclusão),,51,115,,,,Setembro/1957
Receptor galena push-pull,,56,115,,,,Setembro/1957
Código de cores,,60,115,,,,Setembro/1957
Consultas,,68,115,,,,Setembro/1957
Provador de isolação,,21,118,,,,Janeiro/1958
O disco estroboscópico,,23,118,,,,Janeiro/1958
O novo observatório de Rádio-Astronomia,,24,118,,,,Janeiro/1958
Construção e funcionamento dos analisadores,,26,118,,,,Janeiro/1958
Consertos de paineis de circuitos impressos,,28,118,,,,Janeiro/1958
Livros em revista,,32,118,,,,Janeiro/1958
Sintonizadores “caçadores” sinais miniaturizados,,33,118,,,,Janeiro/1958
Circuito Comercial – Philips mod. 2848/50 (amplificador),,37,118,,,,Janeiro/1958
Amplificador para surdos transistorizado,,38,118,,,,Janeiro/1958
Receptor de 3 faixas,,51,118,,,,Janeiro/1958
Intercomunicador de aquecimento instantâneo,,58,118,,,,Janeiro/1958
Quebra-cabeças,,62,118,,,,Janeiro/1958
Consultas,,68,118,,,,Janeiro/1958
Preamplificador transistorizado,,23,119,,,,Fevereiro/1958
O disco estroboscópico,,25,119,,,,Fevereiro/1958
Aparelho para testar condensadores,,26,119,,,,Fevereiro/1958
Receptor para automóvel com 13 transistores,,27,119,,,,Fevereiro/1958
Noticiario industrial,,30,119,,,,Fevereiro/1958
Circuito TV para transistores e diodos,,31,119,,,,Fevereiro/1958
Reparações em circuitos de televisores portáteis,,34,119,,,,Fevereiro/1958
Circuito Comercial – Tele-Tone mod. 184,,38,119,,,,Fevereiro/1958
Amplificador de alta fidelidade 10W,,49,119,,,,Fevereiro/1958
Célula fotoelétrica,,53,119,,,,Fevereiro/1958
Quebra-cabeças,,54,119,,,,Fevereiro/1958
Acústica nos cinemas,,55,119,,,,Fevereiro/1958
Circuito Comercial Regal mod. 777,,58,119,,,,Fevereiro/1958
Consultas,,61,119,,,,Março/1958
Algumas considerações sobre serviços de altofalantes,,25,120,,,,Março/1958
Livros em revista,,28,120,,,,Março/1958
Válvulas estabilizadoras com gás,,29,120,,,,Março/1958
Defeitos em gravadores magnéticos,,31,120,,,,Março/1958
Receptor FM,,34,120,,,,Março/1958
Instalação e ligação de altofalantes em grandes áreas,,36,120,,,,Março/1958
Circuito Comercial – Philips mod. BR-346-U,,39,120,,,,Março/1958
Diamante – o melhor amigo do disco fonográfico,,40,120,,,,Março/1958
Instalação e manutenção de sistemas de áudio,,42,120,,,,Março/1958
Amplificador de alta fidelidade 10W,,53,120,,,,Março/1958
Quebra-cabeças,,59,120,,,,Março/1958
Rádio Norddeich completa 50 anos de existência,,62,120,,,,Março/1958
Consultas,,72,120,,,,Março/1958
Circuito Comercial – Philips mod. BR-439-AV,,84,120,,,,Março/1958
O efeito Miller,,25,121,,,,Abril/1958
Chassis TV com deflexão 110o,,27,121,,,,Abril/1958
Noticiário Industrial,,32,121,,,,Abril/1958
Portátil de construção modular,,33,121,,,,Abril/1958
Audio: Escolha de componentes,,36,121,,,,Abril/1958
Circuito Comercial – Garod mod. 5D-5,,40,121,,,,Abril/1958
Novos horizontes para os semicondutores,,41,121,,,,Abril/1958
Amplificador de alta fidelidade 10W (conclusão),,55,121,,,,Abril/1958
Medição da impedância de transformadores,,60,121,,,,Abril/1958
Quebra-cabeças,,61,121,,,,Abril/1958
Consultas,,66,121,,,,Abril/1958
Rádio Astronomia,,25,122,,,,Maio/1958
O “Saci”,,27,122,,,,Maio/1958
Reparação de toca-discos,,30,122,,,,Maio/1958
Livros em revista,,31,122,,,,Maio/1958
"Chassis para televisão colorida, com tubo retangular de 22”",,32,122,,,,Maio/1958
Circuito comercial: Philips BR-246-U,,38,122,,,,Maio/1958
O seguidor de catodo,,39,122,,,,Maio/1958
Bancada de serviço,,51,122,,,,Maio/1958
Fonte +B para receptores a pilha,,54,122,,,,Maio/1958
Quebra-cabeças,,59,122,,,,Maio/1958
Defeitos nos circuitos amortecedores e de linearidade,,60,122,,,,Maio/1958
Circuito Comercial: Philips BR-326-U,,64,122,,,,Maio/1958
Consultas,,65,122,,,,Maio/1958
Circuitos de medição de transistores,,27,123,,,,Junho/1958
Sintonizador FM,,29,123,,,,Junho/1958
A convenção do Instituto dos Rádio-engenheiros,,31,123,,,,Junho/1958
Antenas Yagi,,34,123,,,,Junho/1958
Televisor para cores,,36,123,,,,Junho/1958
Noticiário Industrial,,40,123,,,,Junho/1958
O Trans-super,,41,123,,,,Junho/1958
Rádio Vaticano,,54,123,,,,Junho/1958
Bancada de serviço,,57,123,,,,Junho/1958
A influência da posição do altofalante,,60,123,,,,Junho/1958
Oscilador para telegrafia,,64,123,,,,Junho/1958
Consultas,,80,123,,,,Junho/1958
Circuito Comercial – Regla mod. 747,,83,123,,,,Junho/1958
Controles de tonalidade,,25,124,,,,Julho/1958
Sintonizador FM,,28,124,,,,Julho/1958
Circuito Comercial Trav-Ler mod. 5027,,31,124,,,,Julho/1958
A resistência de fuga nos condensadores,,32,124,,,,Julho/1958
Televisor para cores,,34,124,,,,Julho/1958
Bancada de serviço,,37,124,,,,Julho/1958
Instrumento de teste,,39,124,,,,Julho/1958
Oscilador de batimento,,53,124,,,,Julho/1958
Para que existem as resistencias nos radioreceptores,,56,124,,,,Julho/1958
Quebra-cabeças,,60,124,,,,Julho/1958
Voltimetro eletrônico,,62,124,,,,Julho/1958
Noticiario industrial,,69,124,,,,Julho/1958
Consultas,,71,124,,,,Julho/1958
Diodos de silicio,,29,125,,,,Agosto/1958
Relés eletrônicos de alta sensibilidade,,31,125,,,,Agosto/1958
David Sarnoff,,35,125,,,,Agosto/1958
A interpretação das leituras dos analisadores,,36,125,,,,Agosto/1958
Pontos criticos de um altofalante,,39,125,,,,Agosto/1958
Bancada de serviço,,43,125,,,,Agosto/1958
Para que existem os condensadores,,57,125,,,,Agosto/1958
Quebra-cabeças,,61,125,,,,Agosto/1958
Amplificador de alta fidelidade 15W,,62,125,,,,Agosto/1958
Circuito Comercial – Philips BR-549-A,,69,125,,,,Agosto/1958
Livros em revista,,72,125,,,,Agosto/1958
Consultas,,74,125,,,,Agosto/1958
Reguladores de corrente,,21,127,,,,Outubro/1958
O problema da televisão em cores,,24,127,,,,Outubro/1958
Reparação de circuitos impressos,,25,127,,,,Outubro/1958
Collaro “conquest”,,28,127,,,,Outubro/1958
Livros em revista,,30,127,,,,Outubro/1958
Bancada de serviço,,31,127,,,,Outubro/1958
A recepção FM em áreas distantes,,33,127,,,,Outubro/1958
Provador de válvulas,,36,127,,,,Outubro/1958
Representação e interpretação de segmentos Philips,,37,127,,,,Outubro/1958
Os vibradores (conclusão),,57,127,,,,Outubro/1958
Circuito Comercial,,62,127,,,,Outubro/1958
Tabela de fios,,64,127,,,,Outubro/1958
Quebra-cabeças,,67,127,,,,Outubro/1958
Consultas,,68,127,,,,Outubro/1958
A reprodução estereofônica do som,,25,128,,,,Novembro/1958
Bancada de serviço,,29,128,,,,Novembro/1958
Cérebros Eletrônicos,,31,128,,,,Novembro/1958
Noticiário Industrial,,33,128,,,,Novembro/1958
Receptor transistorizado de 8 faixas,,34,128,,,,Novembro/1958
Circuito comercial RCA mods. Q14 – Q15,,36,128,,,,Novembro/1958
Cinescópio de 21” para televisão colorida,,37,128,,,,Novembro/1958
Defeitos intermitentes em radioreceptores,,38,128,,,,Novembro/1958
Sistemas de altofalantes móveis,,55,128,,,,Novembro/1958
Sistemas de TV em circuito fechado,,60,128,,,,Novembro/1958
Oscilador fonográfico,,63,128,,,,Novembro/1958
Quebra-cabeças,,66,128,,,,Novembro/1958
O pick-up,,68,128,,,,Novembro/1958
Consultas,,77,128,,,,Novembro/1958
Reprodução estereofônica do som,,25,129,,,,Dezembro/1958
Reparação de circuitos impressos,,28,129,,,,Dezembro/1958
O Sací,,30,129,,,,Dezembro/1958
Reprodução de receptores transistorizados,,33,129,,,,Dezembro/1958
Os fatores de amortecimento variável,,37,129,,,,Dezembro/1958
Reparação da cabeça sonora,,38,129,,,,Dezembro/1958
Livros em revista,,39,129,,,,Dezembro/1958
A WESCON de 1958,,40,129,,,,Dezembro/1958
Bancada de serviço,,44,129,,,,Dezembro/1958
A barra ônibus,,46,129,,,,Dezembro/1958
Preamplificador para microfone,,83,129,,,,Dezembro/1958
Circuito Comercial Invictus mod 537 GA,,86,129,,,,Dezembro/1958
Quebra-cabeças,,88,129,,,,Dezembro/1958
As Baterias,,90,129,,,,Dezembro/1958
Consultas,,99,129,,,,Dezembro/1958
Amplificador para som estereofônico,,21,130,,,,Janeiro/1959
Tabela de diodos de Germânio,,24,130,,,,Janeiro/1959
Limitadores de ruídos,,28,130,,,,Janeiro/1959
Noticiário Industrial,,30,130,,,,Janeiro/1959
Provadores de válvulas e transistores,,31,130,,,,Janeiro/1959
Bancada de serviço,,33,130,,,,Janeiro/1959
Manutenção de equipos móveis de intercomunicação,,35,130,,,,Janeiro/1959
O Super-Six,,37,130,,,,Janeiro/1959
Resistências em paralelo,,59,130,,,,Janeiro/1959
Como interpretar circuitos esquemáticos,,62,130,,,,Janeiro/1959
Quebra-cabeças,,66,130,,,,Janeiro/1959
As Baterias,,67,130,,,,Janeiro/1959
Consultas,,72,130,,,,Janeiro/1959
Circuito Comercial – Philips – mod. NG. 1120,,76,130,,,,Janeiro/1959
Oficina Portátil,,21,131,,,,Fevereiro/1959
Livros em revista,,25,131,,,,Fevereiro/1959
A calibração de sintonizadores FM,,26,131,,,,Fevereiro/1959
Cápsulas fonográficas de cristal e cerâmicas,,29,131,,,,Fevereiro/1959
A manutenção de receptores transistorizados de duas faixas,,31,131,,,,Fevereiro/1959
Bancada de serviço,,35,131,,,,Fevereiro/1959
Máquinas de ditar,,38,131,,,,Fevereiro/1959
Calibrador para instrumentos,,57,131,,,,Fevereiro/1959
Motores para fonógrafos,,61,131,,,,Fevereiro/1959
Quebra-cabeças,,66,131,,,,Fevereiro/1959
Como interpretar circuitos esquemáticos,,68,131,,,,Fevereiro/1959
Consultas,,77,131,,,,Fevereiro/1959
Circuito amplificador para controle de tonalidade,,25,132,,,,Março/1959
Noticiário Industrial,,27,132,,,,Março/1959
Como preparar circuitos impressos,,28,132,,,,Março/1959
Funcionamento e manutenção de pilhas secas,,31,132,,,,Março/1959
Alta fidelidade em public address,,33,132,,,,Março/1959
Desempenho em preto e branco de televisores coloridos,,36,132,,,,Março/1959
Reparação de circuitos impressos,,59,132,,,,Março/1959
A melhora da qualidade sonora em instalações caseiras,,63,132,,,,Março/1959
Bancada de serviço,,67,132,,,,Março/1959
Intercomunicador,,70,132,,,,Março/1959
Circuito comercial – Douglas mod. 9001,,73,132,,,,Março/1959
Recarregador para pilhas,,76,132,,,,Março/1959
Som estereofônico no lar,,80,132,,,,Março/1959
Quebra-cabeças,,83,132,,,,Março/1959
Circuito comercial – Westinghouse mod. H-303-P4,,84,132,,,,Março/1959
Consultas,,85,132,,,,Março/1959
A eletrônica e o automóvel,,25,133,,,,Abril/1959
Relógio atômico,,29,133,,,,Abril/1959
Bancada de serviço,,30,133,,,,Abril/1959
Livros em revista,,33,133,,,,Abril/1959
Projeto e intalações de sistemas de PA,,34,133,,,,Abril/1959
Circuito Comercial: Motorola mod. 58A11/12,,37,133,,,,Abril/1959
Receptores portáteis transistorizados,,38,133,,,,Abril/1959
Reparação de chassis de circuitos impressos (conclusão),,59,133,,,,Abril/1959
Amplificador para estereofonia,,61,133,,,,Abril/1959
Tabelas para construção de transformadores,,64,133,,,,Abril/1959
Amplificador para CA-CC,,68,133,,,,Abril/1959
Som estereofônico no lar (conclusão),,72,133,,,,Abril/1959
Quebra-cabeças,,76,133,,,,Abril/1959
Consultas,,78,133,,,,Abril/1959
Receptor de bolso,,25,134,,,,Maio/1959
Amplificador Hi-Fi,,29,134,,,,Maio/1959
Noticiário Industrial,,32,134,,,,Maio/1959
Amortecimento variável,,33,134,,,,Maio/1959
Cinescópio semi-plano,,36,134,,,,Maio/1959
Projeto e instalação de antenas parabólicas,,38,134,,,,Maio/1959
Bancada de serviço,,59,134,,,,Maio/1959
O aproveitamento dos transformadores antigos,,61,134,,,,Maio/1959
Quebra-cabeças,,67,134,,,,Maio/1959
Condensadores eletrolíticos,,68,134,,,,Maio/1959
Circuito Comercial: General Eléctric mod. TH-21,,75,134,,,,Maio/1959
Consultas,,77,134,,,,Maio/1959
Circuito de saída em ponte,,23,135,,,,Junho/1959
Livros em revista,,26,135,,,,Junho/1959
A convenção do Instituto dos Rádio-engenheiros,,27,135,,,,Junho/1959
A gravação de discos estereofônicos,,31,135,,,,Junho/1959
Instrumentos elétricos de medição,,34,135,,,,Junho/1959
Conte-nos como foi,,35,135,,,,Junho/1959
O conserto de amplificadores transistorizados,,37,135,,,,Junho/1959
A medição da potência de entrada,,61,135,,,,Junho/1959
Bancada de serviço,,64,135,,,,Junho/1959
O amplificador de FI,,67,135,,,,Junho/1959
Quebra-cabeças,,71,135,,,,Junho/1959
Filtros contra interferencia,,73,135,,,,Junho/1959
Consultas,,75,135,,,,Junho/1959
Filtros diversos de frequencia,,21,136,,,,Julho/1959
Fonte de tensão estabilizada,,25,136,,,,Julho/1959
Noticiario industrial,,27,136,,,,Julho/1959
Gerador de audiofrequência,,28,136,,,,Julho/1959
Bancada de serviço,,31,136,,,,Julho/1959
Conte-nos como foi,,34,136,,,,Julho/1959
Válvula a vácuo com catodo frio,,35,136,,,,Julho/1959
Medições em amplificadores de áudio,,55,136,,,,Julho/1959
Conversores autodinos,,60,136,,,,Julho/1959
Quebra-cabeças,,65,136,,,,Julho/1959
A ligação do toca-discos,,67,136,,,,Julho/1959
Circuito Comercial de televisão (Philips – TX1714-24),,71,136,,,,Julho/1959
Consultas,,73,136,,,,Julho/1959
As medições com decibels,,23,137,,,,Agosto/1959
Livros em revista,,26,137,,,,Agosto/1959
A reprodução estereofônica,,27,137,,,,Agosto/1959
Bancada de serviço,,29,137,,,,Agosto/1959
O “Ultrascope”,,32,137,,,,Agosto/1959
O radar no controle de velocidade de veículos,,34,137,,,,Agosto/1959
Defeitos em circuitos de sincronismo,,38,137,,,,Agosto/1959
Conte-nos como foi,,59,137,,,,Agosto/1959
Amplificador de alta fidelidade 15W,,60,137,,,,Agosto/1959
Receptor regenerativo de 1 Válvula,,63,137,,,,Agosto/1959
Quebra-cabeças,,68,137,,,,Agosto/1959
Consultas,,69,137,,,,Agosto/1959
Circuito Comercial,,86,137,,,,Agosto/1959
Medidor de isolação,,25,138,,,,Setembro/1959
Bancada de serviço,,28,138,,,,Setembro/1959
“Eurovision”,,30,138,,,,Setembro/1959
Conte-nos como foi,,32,138,,,,Setembro/1959
O Batimento de formas de ondas complexas,,34,138,,,,Setembro/1959
O aquecimento por RF,,37,138,,,,Setembro/1959
Porque as válvulas de saída precisam de uma determinada impedância de carga,,57,138,,,,Setembro/1959
Noticiario industrial,,60,138,,,,Setembro/1959
As medições com decibels (conclusão),,61,138,,,,Setembro/1959
De 6 para 12 Volts,,66,138,,,,Setembro/1959
Gongo elétrico,,70,138,,,,Setembro/1959
Consultas,,74,138,,,,Setembro/1959
Recepção “Diversity”,,21,139,,,,Outubro/1959
Curso “Esse” de alta Fidelidade (1o capítulo),,23,139,,,,Outubro/1959
Livros em revista,,28,139,,,,Outubro/1959
Bancada de serviço,,29,139,,,,Outubro/1959
22 maneiras de conquistar amizadas,,32,139,,,,Outubro/1959
O emprêgo de tensões defletoras senoidais em osciloscópios,,33,139,,,,Outubro/1959
Estéreo-amplificador,,37,139,,,,Outubro/1959
Conte-nos como foi,,57,139,,,,Outubro/1959
Que é um logarítmo?,,59,139,,,,Outubro/1959
Quebra-cabeças,,64,139,,,,Outubro/1959
Que é uma oscilação?,,66,139,,,,Outubro/1959
Consultas,,72,139,,,,Outubro/1959
Laringe eletrônica,,25,140,,,,Novembro/1959
Televisão mural,,27,140,,,,Novembro/1959
Noticiario industrial,,31,140,,,,Novembro/1959
Marca de frequência,,32,140,,,,Novembro/1959
Curso “ESSE” de alta fidelidade (2o capítulo),,33,140,,,,Novembro/1959
O emprego das curvas de Lissajous,,37,140,,,,Novembro/1959
Reatores e amplificadores magnéticos,,39,140,,,,Novembro/1959
Estéreo-amplificador (conclusão),,57,140,,,,Novembro/1959
Que é um logarítmo? (conclusão),,62,140,,,,Novembro/1959
Quebra-cabeças,,65,140,,,,Novembro/1959
Receptor de cabeceira FM,,66,140,,,,Novembro/1959
Circuito Comercial (Philips),,76,140,,,,Novembro/1959
Conte-nos como foi,,78,140,,,,Novembro/1959
Consultas,,79,140,,,,Novembro/1959
Computadores eletrônicos,,25,141,,,,Dezembro/1959
Micromódulos,,29,141,,,,Dezembro/1959
Curso “ESSE” de alta fidelidade (3o capítulo),,30,141,,,,Dezembro/1959
Câmara Anecóica,,34,141,,,,Dezembro/1959
Aparelhos de raio X na indústria,,35,141,,,,Dezembro/1959
A televisão transpõe o Atlântico,,38,141,,,,Dezembro/1959
A calibração de receptores AM com gerador de varredura,,39,141,,,,Dezembro/1959
Bancada de serviço,,41,141,,,,Dezembro/1959
Livros em revista,,44,141,,,,Dezembro/1959
Monograma – Resistências em paralelo,,77,141,,,,Dezembro/1959
Quebra-cabeças,,79,141,,,,Dezembro/1959
Amplificador “Stereo-Simplex”,,81,141,,,,Dezembro/1959
Consultas,,91,141,,,,Dezembro/1959
Circuito Comercial – TV Empire – Modelo 5621-A,,93,141,,,,Dezembro/1959
Índice geral dos artigos publicados durante o ano de 1959,,111,141,,,,Dezembro/1959
Sintonizador FM,,29,142,,,,Janeiro/1960
Curso “ESSE” de alta fidelidade (4o capítulo),,33,142,,,,Janeiro/1960
Bancada de serviço,,37,142,,,,Janeiro/1960
Computadores eletrônicos (2a parte),,39,142,,,,Janeiro/1960
Noticiário Industrial,,43,142,,,,Janeiro/1960
Novas aplicações para semicondutores,,44,142,,,,Janeiro/1960
Amplificador “Stereo-Simplex”,,46,142,,,,Janeiro/1960
Amplificador para toca-discos,,69,142,,,,Janeiro/1960
Adaptação push-pull,,73,142,,,,Janeiro/1960
Circuito comercial (Philips B1R77-U),,81,142,,,,Janeiro/1960
Consultas,,83,142,,,,Janeiro/1960
Microminiaturização,,29,143,,,,Fevereiro/1960
Livros em revista,,31,143,,,,Fevereiro/1960
A gravação de discos,,32,143,,,,Fevereiro/1960
Computadores eletrônicos (3a parte),,36,143,,,,Fevereiro/1960
Curso “ESSE” de alta fidelidade (5o capítulo),,39,143,,,,Fevereiro/1960
Fornos eletrônicos,,43,143,,,,Fevereiro/1960
Bancada de serviço,,46,143,,,,Fevereiro/1960
Eliminação de ruídos em receptores de automóveis,,70,143,,,,Fevereiro/1960
Circuito Comercial (Motorola 75F21),,72,143,,,,Fevereiro/1960
Lista de emissoras brasileiras,,75,143,,,,Fevereiro/1960
Alto falante “faixa completa”,,81,143,,,,Fevereiro/1960
Consultas,,87,143,,,,Fevereiro/1960
O transformador de saída Horizontal está defeituoso?,,29,144,,,,Março/1960
Bancada de serviço,,32,144,,,,Março/1960
A técnica dos pulsos,,35,144,,,,Março/1960
Novidades industriais,,39,144,,,,Março/1960
Testando transistores,,40,144,,,,Março/1960
O que há de novo nos televisores 1960,,42,144,,,,Março/1960
Curso “ESSE” de alta fidelidade (6o capítulo),,45,144,,,,Março/1960
Quebra-cabeças,,69,144,,,,Março/1960
Caixa Acústica “Fur-o-Flex”,,70,144,,,,Março/1960
2 Faixas – Transistorizado,,74,144,,,,Março/1960
Lista de emissoras brasileiras (conclusão),,77,144,,,,Março/1960
Consultas,,84,144,,,,Março/1960
A técnica dos pulsos: Cortadores e limitadores,,29,145,,,,Abril/1960
Televisor portátil transistorizado,,32,145,,,,Abril/1960
Livros em revista,,36,145,,,,Abril/1960
Conte-nos como foi,,37,145,,,,Abril/1960
Tester para TSH e bobinas defletoras,,39,145,,,,Abril/1960
Curso “ESSE” de alta fidelidade (7o capítulo),,40,145,,,,Abril/1960
Bancada de serviço,,43,145,,,,Abril/1960
Sintonizando a caixa acústica “Fur-o-Flex”,,46,145,,,,Abril/1960
Os detectores,,69,145,,,,Abril/1960
Oscilador para toca-discos,,74,145,,,,Abril/1960
Quebra-cabeças,,76,145,,,,Abril/1960
"Circuito comercial (RCA, mod. 77U)",,78,145,,,,Abril/1960
Amplificador estéreo Eminian TE-40,,81,145,,,,Abril/1960
Consultas,,86,145,,,,Abril/1960
A eletrônica nos telefones,,29,146,,,,Maio/1960
O bisbilhoteiro,,32,146,,,,Maio/1960
Noticiario industrial,,35,146,,,,Maio/1960
Os recuperadores de corrente contínua,,36,146,,,,Maio/1960
Tocadiscos tipo profissional,,40,146,,,,Maio/1960
Bancada de serviço,,43,146,,,,Maio/1960
O radiador de Anel,,46,146,,,,Maio/1960
Curso “ESSE” de alta fidelidade (8o capítulo),,73,146,,,,Maio/1960
Quantos tipos de pick-ups você conhece,,76,146,,,,Maio/1960
Quebra-cabeças,,81,146,,,,Maio/1960
Consultas,,85,146,,,,Maio/1960
"Circuito Comercial (Philips, mod. AG-9010)",,87,146,,,,Maio/1960
O multivibrador astável acoplado a placa,,33,147,,,,Junho/1960
Fantasmas internos,,37,147,,,,Junho/1960
Controle de tonalidade por realimentação,,40,147,,,,Junho/1960
Curso “ESSE” de alta fidelidade (9o capítulo),,42,147,,,,Junho/1960
Bancada de serviço,,46,147,,,,Junho/1960
Livros em revista,,49,147,,,,Junho/1960
A eletrônica nos telefones,,50,147,,,,Junho/1960
"Circuito Comercial (RCA, modelo QU-61)",,53,147,,,,Junho/1960
Localização dos altofalantes para estéreo,,54,147,,,,Junho/1960
Fonte de corrente contínua,,81,147,,,,Junho/1960
Quebra-cabeças,,86,147,,,,Junho/1960
Consultas,,93,147,,,,Junho/1960
Identificação de válvulas,,29,148,,,,Julho/1960
Transistores... e sua prova,,32,148,,,,Julho/1960
Noticiario industrial,,35,148,,,,Julho/1960
O multivibrador monoestável,,36,148,,,,Julho/1960
Bancada de serviço,,40,148,,,,Julho/1960
Circuito Comercial (Philips BR. 346 B.),,44,148,,,,Julho/1960
Tubo de imagem para 110o,,45,148,,,,Julho/1960
Curso “ESSE” de alta fidelidade (10o capítulo),,47,148,,,,Julho/1960
Novo kit para televisores 110o,,51,148,,,,Julho/1960
Lista de emissoras (suplemento FM),,75,148,,,,Julho/1960
A autoindução,,80,148,,,,Julho/1960
Quebra-cabeças,,85,148,,,,Julho/1960
Consultas,,88,148,,,,Julho/1960
Provador dinâmico de transistores,,33,149,,,,Agosto/1960
Multivibrador acoplado pelo catodo,,36,149,,,,Agosto/1960
O exame de amplificadores Hi-Fi,,40,149,,,,Agosto/1960
Livros em revista,,44,149,,,,Agosto/1960
Bancada de serviço,,45,149,,,,Agosto/1960
Curso “ESSE” de alta fidelidade (11o capítulo),,47,149,,,,Agosto/1960
Deflexão horizontal estabilizada,,51,149,,,,Agosto/1960
Conheça os voltímetros eletrônicos,,54,149,,,,Agosto/1960
Os circuitos retificadores,,77,149,,,,Agosto/1960
Quebra-cabeças,,83,149,,,,Agosto/1960
Provador de cinescópios,,85,149,,,,Agosto/1960
"Circuito comercial (Philips, mod. B-429)",,86,149,,,,Agosto/1960
Consultas,,90,149,,,,Agosto/1960
Disco estroboscópio,,29,150,,,,Setembro/1960
Noticiario industrial,,31,150,,,,Setembro/1960
Conserte seu multímetro,,32,150,,,,Setembro/1960
O multivibrador bi-estável,,35,150,,,,Setembro/1960
Curso “ESSE” de alta fidelidade (12o capítulo),,39,150,,,,Setembro/1960
Bancada de serviço,,42,150,,,,Setembro/1960
Conte-nos como foi,,45,150,,,,Setembro/1960
Alimentação em série,,46,150,,,,Setembro/1960
Que transformador será?,,69,150,,,,Setembro/1960
Quebra-cabeças,,73,150,,,,Setembro/1960
"Circuito Comercial (Philips, mod. BR-549-AV)",,75,150,,,,Setembro/1960
Em desenvolvimento a reprodução estereofônica no Brasil,,78,150,,,,Setembro/1960
Consultas,,84,150,,,,Setembro/1960
O Maser,,33,151,,,,Outubro/1960
Eliminando a realimentação nos sitemas “public address”,,37,151,,,,Outubro/1960
Livros em revista,,41,151,,,,Outubro/1960
Deflexão vertical estabilizada,,42,151,,,,Outubro/1960
Conserte seu multímetro,,45,151,,,,Outubro/1960
Acústica das salas pequenas: A reverberação,,47,151,,,,Outubro/1960
Bancada de serviço,,51,151,,,,Outubro/1960
A técnica dos pulsos: Contagem eletrônica (1a Parte),,54,151,,,,Outubro/1960
Transmissor 25/30 Watts,,77,151,,,,Outubro/1960
Quebra-cabeças,,82,151,,,,Outubro/1960
Consultas,,86,151,,,,Outubro/1960
"Circuito Comercial General Electric, mod. B-577",,98,151,,,,Outubro/1960
Camondongo transmite sua temperatura,,37,152,,,,Novembro/1960
Noticiario industrial,,39,152,,,,Novembro/1960
Transistorizado portátil para AM e FM,,40,152,,,,Novembro/1960
Enrolamento de indutâncias de filtro,,42,152,,,,Novembro/1960
A técnica dos pulsos: Contagem eletrônica (2a Parte),,44,152,,,,Novembro/1960
Bancada de serviço,,48,152,,,,Novembro/1960
Tabela de transistores,,51,152,,,,Novembro/1960
"Circuito Comercial (Fada, modelo 795)",,56,152,,,,Novembro/1960
Controles fotoelétricos na indústria,,57,152,,,,Novembro/1960
Harmônicas e imagens,,81,152,,,,Novembro/1960
Quebra-cabeças,,85,152,,,,Novembro/1960
Consultas,,92,152,,,,Novembro/1960
"Circuito Comercial (General Electric, mod. FD-138)",,99,152,,,,Novembro/1960
Ronco – O eterno problema,,41,153,,,,Dezembro/1960
O Laser,,44,153,,,,Dezembro/1960
O Satélite TIROS no espaço,,45,153,,,,Dezembro/1960
Livros em revista,,48,153,,,,Dezembro/1960
Oscilador para treino de telegrafia,,49,153,,,,Dezembro/1960
Rádio – numa caixa de fósforos,,52,153,,,,Dezembro/1960
Tabela de transistores (conclusão),,55,153,,,,Dezembro/1960
Os princípios do radar moderno,,56,153,,,,Dezembro/1960
Bancada de serviço,,61,153,,,,Dezembro/1960
Regulador de tensão transistorizado para automóveis,,64,153,,,,Dezembro/1960
Circuito Comercial (Philips B2-R76-U),,68,153,,,,Dezembro/1960
Contrôles fotoelétricos na indústria,,69,153,,,,Dezembro/1960
Como são feitos os transistores modernos,,72,153,,,,Dezembro/1960
Amplificador ca-cc,,76,153,,,,Dezembro/1960
Quebra-cabeças,,79,153,,,,Dezembro/1960
O mascote,,80,153,,,,Dezembro/1960
"Circuito Comercial (General Electric, MF-114)",,121,153,,,,Dezembro/1960
Supercondutividade,,122,153,,,,Dezembro/1960
Pré-seletor sem comutação de faixas,,128,153,,,,Dezembro/1960
Receptor transistorizado 3 faixas,,130,153,,,,Dezembro/1960
Consultas,,137,153,,,,Dezembro/1960
Alto falante sem cone,,33,154,,,,Janeiro/1961
Oscilador push-pull para treino de telegrafia,,34,154,,,,Janeiro/1961
Magnetômetro operando no espaço,,36,154,,,,Janeiro/1961
Ronco – O eterno problema (conclusão),,40,154,,,,Janeiro/1961
Noticiário Industrial,,44,154,,,,Janeiro/1961
Bancada de serviço,,45,154,,,,Janeiro/1961
Princípios do radar moderno (conclusão),,48,154,,,,Janeiro/1961
Contradores em anel,,50,154,,,,Janeiro/1961
7 transistores – 3 faixas,,55,154,,,,Janeiro/1961
"Circuito Comercial (RCA, 9W101, 9W103)",,57,154,,,,Janeiro/1961
Provador de válvulas,,58,154,,,,Janeiro/1961
Conte-nos como foi,,63,154,,,,Janeiro/1961
"Circuito comercial (Motorola, chassis 8-A)",,65,154,,,,Janeiro/1961
Scout – o novo transistorizado de 4 faixas,,66,154,,,,Janeiro/1961
Receptor regenerativo com estágio de RF,,68,154,,,,Janeiro/1961
Como se determina o consumo elétrico,,71,154,,,,Janeiro/1961
Quebra-cabeças,,72,154,,,,Janeiro/1961
Consultas,,93,154,,,,Janeiro/1961
A adaptação de receptores,,33,155,,,,Fevereiro/1961
Livros em revista,,37,155,,,,Fevereiro/1961
Oscilador universal de 2 terminais,,38,155,,,,Fevereiro/1961
ECO (Central eletrônica de telefones),,40,155,,,,Fevereiro/1961
O que há de novo em cinescópios,,42,155,,,,Fevereiro/1961
Aparelhos para a faixa-cidadão,,44,155,,,,Fevereiro/1961
"Circuito comercial: Televisor RCA, modelos B-21-TQ 800, 801",,49,155,,,,Fevereiro/1961
Bancada de serviço,,51,155,,,,Fevereiro/1961
8 Watts – com transistores,,54,155,,,,Fevereiro/1961
Oscilador bloqueado,,58,155,,,,Fevereiro/1961
A impedância,,62,155,,,,Fevereiro/1961
A leitura de esquemas,,66,155,,,,Fevereiro/1961
Quebra-cabeças,,70,155,,,,Fevereiro/1961
Ohmetros podem ser exatos,,95,155,,,,Fevereiro/1961
Consultas,,99,155,,,,Fevereiro/1961
Uma novidade em semi-condutores,,37,156,,,,Março/1961
Tabela de convensão de temperaturas,,39,156,,,,Março/1961
Noticiario industrial,,40,156,,,,Março/1961
A impedância,,41,156,,,,Março/1961
8 Watts – com transistores,,44,156,,,,Março/1961
Conte-nos como foi,,46,156,,,,Março/1961
O mini tracer,,48,156,,,,Março/1961
Bancada de serviço,,50,156,,,,Março/1961
Os amplificadores magnéticos,,53,156,,,,Março/1961
Circuito comercial (General electric modelo MSR-017),,57,156,,,,Março/1961
A pesquiza de defeitos no oscilador horizontal,,58,156,,,,Março/1961
Móvel acústico,,62,156,,,,Março/1961
Receptor portátil,,66,156,,,,Março/1961
Circuito Comercial (Philips modelo BR-639 A),,68,156,,,,Março/1961
Instalação de antenas,,69,156,,,,Março/1961
Quebra-cabeças,,72,156,,,,Março/1961
Aplicações diferentes dos olhos mágicos,,93,156,,,,Março/1961
Teste rápido de retificadores,,97,156,,,,Março/1961
Consultas,,102,156,,,,Março/1961
Condensador variável semi-condutor,,114,156,,,,Março/1961
Reparação no estágio de saída horizontal,,37,157,,,,Abril/1961
Cuidados especiais na revisão de transistorizados,,41,157,,,,Abril/1961
Terminologia internacional do rádio,,44,157,,,,Abril/1961
Princípios do radar moderno : o sistema pulsos-Doppler,,45,157,,,,Abril/1961
A sobre-posição de antenas,,48,157,,,,Abril/1961
Controles foto-elétricos de posição,,52,157,,,,Abril/1961
Circuito comercial: Philco mod. 41-708,,56,157,,,,Abril/1961
Bancada de serviço,,57,157,,,,Abril/1961
Livros em revista,,60,157,,,,Abril/1961
Lâmpadas piloto,,61,157,,,,Abril/1961
Os amplificadores magnéticos (2a Parte),,62,157,,,,Abril/1961
O Projeto “Eco”,,65,157,,,,Abril/1961
Curvas características de válvulas,,66,157,,,,Abril/1961
Quebra-cabeças,,71,157,,,,Abril/1961
"Circuito comercial: Garod, mod. 6DPS, 6DPS8",,72,157,,,,Abril/1961
Consultas,,96,157,,,,Abril/1961
Micro-eletrônica,,37,158,,,,Maio/1961
Bancada de serviço,,41,158,,,,Maio/1961
Noticiário Industrial,,44,158,,,,Maio/1961
Ultra-som,,45,158,,,,Maio/1961
Masers óticos e infravermelhos,,49,158,,,,Maio/1961
Conte-nos como foi,,52,158,,,,Maio/1961
Voltímetro eletrônico automático,,54,158,,,,Maio/1961
"Circuito Comercial (Philips, mod. 2856/FG)",,58,158,,,,Maio/1961
Controles fotoelétricos de posição (conclusão),,59,158,,,,Maio/1961
Comandos e controles de tele-guiados,,61,158,,,,Maio/1961
Os circuitos superheterodinos,,66,158,,,,Maio/1961
Quebra-cabeças,,70,158,,,,Maio/1961
O medidor de gasolina,,71,158,,,,Maio/1961
Sintonizadores para televisão,,89,158,,,,Maio/1961
Consultas,,93,158,,,,Maio/1961
O diodo de túnel,,33,159,,,,Junho/1961
Equivalência entre válvulas industriais ou militares e comerciais,,37,159,,,,Junho/1961
"Transmissor portátil, para rádio controle",,39,159,,,,Junho/1961
Bancada de serviço,,41,159,,,,Junho/1961
Controle fotoelétrico de iluminação,,44,159,,,,Junho/1961
A televisão no interior,,45,159,,,,Junho/1961
Circuitos impressos,,48,159,,,,Junho/1961
O condensador eletrolítico,,52,159,,,,Junho/1961
Livros em revista,,56,159,,,,Junho/1961
Novas cápsulas estereofônicas,,57,159,,,,Junho/1961
Investigação de sinal em circuitos industriais,,61,159,,,,Junho/1961
Olhos mágicos,,63,159,,,,Junho/1961
Quebra-cabeças,,67,159,,,,Junho/1961
Circuito comercial (Philips FR-566-A),,68,159,,,,Junho/1961
Consultas,,97,159,,,,Junho/1961
A distorção por intermodulação,,29,160,,,,Julho/1961
Receptor ultra-sensível com transistores,,33,160,,,,Julho/1961
A televisão no interior (2a parte: os repetidores),,36,160,,,,Julho/1961
Investigação de sinal em circuitos industriais (conclusão),,38,160,,,,Julho/1961
Noticiario industrial,,40,160,,,,Julho/1961
Bancada de serviço,,41,160,,,,Julho/1961
Localização de falhas no sistema de FI vídeo,,44,160,,,,Julho/1961
Novo televistor para 114o,,48,160,,,,Julho/1961
Tacômetros operados pela ignição,,51,160,,,,Julho/1961
Circuito Comercial (Philips NG-1202),,54,160,,,,Julho/1961
Indicador de nível sonoro,,55,160,,,,Julho/1961
Um amplificador original com transistores,,56,160,,,,Julho/1961
Retificadores semicondutores,,58,160,,,,Julho/1961
Curvas características de válvulas (2a parte),,61,160,,,,Julho/1961
"Circuito comercial (General Electric, MF-2510)",,65,160,,,,Julho/1961
Quebra-cabeças,,66,160,,,,Julho/1961
Consultas,,89,160,,,,Julho/1961
Televisão no interior. 3A parte: Antenas coletivas,,29,161,,,,Agosto/1961
Enrolando um transformador para fontes a transistor,,32,161,,,,Agosto/1961
Livros em revista,,36,161,,,,Agosto/1961
"Cabeças magnéticas para gravação, reprodução e extinção",,37,161,,,,Agosto/1961
Conte-nos como foi,,42,161,,,,Agosto/1961
O transistor epitaxial,,44,161,,,,Agosto/1961
Cristais osciladores sem termostato,,45,161,,,,Agosto/1961
Lee de Forest,,46,161,,,,Agosto/1961
Adicione um terceiro alto falante a seu estéreo,,47,161,,,,Agosto/1961
Bancada de serviço,,48,161,,,,Agosto/1961
Um único transistor excita alto falante de 8”,,51,161,,,,Agosto/1961
Circuito comercial (Philips B4-R78-T),,55,161,,,,Agosto/1961
O uso de rejuvenescedores de cinescópios,,56,161,,,,Agosto/1961
"Curvas características de válvulas, 3a Parte",,59,161,,,,Agosto/1961
Quebra-cabeças,,64,161,,,,Agosto/1961
Consultas,,96,161,,,,Agosto/1961
Estéreo em FM,,33,162,,,,Setembro/1961
"Determinação de R, L, Z",,37,162,,,,Setembro/1961
Televisão no Interior – 4a Parte: Sistemas de cabos coaxiais,,39,162,,,,Setembro/1961
Bancada de serviço,,41,162,,,,Setembro/1961
Diodo Zener,,44,162,,,,Setembro/1961
Analisador para o estágio de saída horizontal,,48,162,,,,Setembro/1961
Controle de radar nos aeroportos,,53,162,,,,Setembro/1961
Rádio controle com 30 Watts,,55,162,,,,Setembro/1961
Alto-falantes,,58,162,,,,Setembro/1961
Medição de potência nos amplificadores de áudio,,62,162,,,,Setembro/1961
Quebra-cabeças,,64,162,,,,Setembro/1961
Noticiario industrial,,90,162,,,,Setembro/1961
Testes para eletrolíticos,,91,162,,,,Setembro/1961
Circuito Comercial,,93,162,,,,Setembro/1961
Novo televisor 23”,,96,162,,,,Setembro/1961
Consultas,,97,162,,,,Setembro/1961
Rádio transistorizado dispensa bateria,,33,163,,,,Outubro/1961
Evolução em relés,,37,163,,,,Outubro/1961
Amplificador em cascode,,38,163,,,,Outubro/1961
Televisão no interior – 5a Parte: Televisão paga,,42,163,,,,Outubro/1961
Apresentando o Ultra Kap,,45,163,,,,Outubro/1961
Livros em revista,,47,163,,,,Outubro/1961
Controle remoto para TV,,48,163,,,,Outubro/1961
Estéreo em FM (Conclusão),,54,163,,,,Outubro/1961
O Flash eletrônico,,58,163,,,,Outubro/1961
Bancada de serviço,,62,163,,,,Outubro/1961
Válvulas novas,,63,163,,,,Outubro/1961
Circuito Comercial (Spica),,64,163,,,,Outubro/1961
Secção do principiante: Os osciladores de RF,,87,163,,,,Outubro/1961
Conte-nos como foi,,91,163,,,,Outubro/1961
Consultas,,99,163,,,,Outubro/1961
Novas capsulas Estereo,,35,164,,,,Novembro/1961
Circuitos diferentes em transistores,,39,164,,,,Novembro/1961
Televisão no interior (5a Parte),,43,164,,,,Novembro/1961
1961: Novidades em televisores,,46,164,,,,Novembro/1961
Amplificador de alta fidelidade,,53,164,,,,Novembro/1961
Bancada de serviço,,56,164,,,,Novembro/1961
Noticiario industrial,,59,164,,,,Novembro/1961
Caixas acústicas especiais,,60,164,,,,Novembro/1961
Flash Eletrônico (conclusão),,62,164,,,,Novembro/1961
Quebra-cabeças,,66,164,,,,Novembro/1961
Antenas,,89,164,,,,Novembro/1961
Circuito Comercial,,95,164,,,,Novembro/1961
Conte-nos como foi,,100,164,,,,Novembro/1961
Equalização: Razões e aplicações,,102,164,,,,Novembro/1961
Consultas,,106,164,,,,Novembro/1961
Intercomunicador transistorizado,,49,165,,,,Dezembro/1961
Medição dea resposta de frequência nos alto-falantes,,45,165,,,,Dezembro/1961
Televisão no interior (conclusão),,47,165,,,,Dezembro/1961
1961: Novidades em televisores (conclusão),,50,165,,,,Dezembro/1961
Como testar e substituir transistores,,57,165,,,,Dezembro/1961
Bancada de serviço,,61,165,,,,Dezembro/1961
Construa um medidor de capacidade,,64,165,,,,Dezembro/1961
Livros em revista,,70,165,,,,Dezembro/1961
Filtros cerâmicos para FI,,71,165,,,,Dezembro/1961
Banda lateral única SSB,,74,165,,,,Dezembro/1961
Determinação da relação sinal/ruído,,79,165,,,,Dezembro/1961
Circuito comercial (Philco mod. B-457),,83,165,,,,Dezembro/1961
Quebra-cabeças,,84,165,,,,Dezembro/1961
Dobradores de tensão,,111,165,,,,Dezembro/1961
Triodos Nuvistor aplicados à televisão,,120,165,,,,Dezembro/1961
Um transmissor multibanda para o amador,,125,165,,,,Dezembro/1961
Consultas,,129,165,,,,Dezembro/1961
Índice geral dos assuntos publicados em 1961,,143,165,,,,Dezembro/1961
Aproveite bem o seu multimetro,,33,166,,,,Janeiro/1962
Intercomunicadores sem fio,,37,166,,,,Janeiro/1962
Eletrônica industrial,,41,166,,,,Janeiro/1962
"Magnetrons, geradores industriais de potência",,49,166,,,,Janeiro/1962
Bancada de serviço,,49,166,,,,Janeiro/1962
Novidades industriais,,52,166,,,,Janeiro/1962
Pesquiza de defeitos no oscilador vertical e estágios de saída,,,166,,,,Janeiro/1962
Eliminação dos transformadores nos transistorizados,,,166,,,,Janeiro/1962
Coluna acústca de madeira,,,166,,,,Janeiro/1962
Cabos coaxiais,,,166,,,,Janeiro/1962
Quebra-cabeças,,,166,,,,Janeiro/1962
Conte-nos como foi,,,166,,,,Janeiro/1962
Circuito comercial (Sony Mod. TR-63),,,166,,,,Janeiro/1962
Automatização no serviço postal,,,166,,,,Janeiro/1962
Consultas,,,166,,,,Janeiro/1962
Como funcionam os relés,,35,167,,,,Fevereiro/1962
Ruído nos receptores e amplificadores,,40,167,,,,Fevereiro/1962
Amplificador econômico de alta fidelidade,,42,167,,,,Fevereiro/1962
Livros em revista,,46,167,,,,Fevereiro/1962
Pesquiza de defeitos no oscilador vertical e estágios de saída (conclusão),,47,167,,,,Fevereiro/1962
Bancada de serviço,,50,167,,,,Fevereiro/1962
A escolha de um alto falante de alta fidelidade,,52,167,,,,Fevereiro/1962
Controle automático de frequÊncia nos receptores FM,,54,167,,,,Fevereiro/1962
Construa sua “estação de TV”,,58,167,,,,Fevereiro/1962
Quebra-cabeças,,60,167,,,,Fevereiro/1962
Retoque final no seu amplificador,,62,167,,,,Fevereiro/1962
Como instalar uma oficina de rádio,,89,167,,,,Fevereiro/1962
Circuito Comercial (Holiday TRP-82),,103,167,,,,Fevereiro/1962
Consultas,,104,167,,,,Fevereiro/1962
Manutenção e consêrto dos sintonizadores de TV,,33,168,,,,Março/1962
Gerador de ondas quadradas,,38,168,,,,Março/1962
O osciloscópio em eletrônica,,40,168,,,,Março/1962
Notas sobre os transformadores de modulação,,44,168,,,,Março/1962
Bancada de serviço,,46,168,,,,Março/1962
Como localizar defeitos em receptores,,48,168,,,,Março/1962
Antenas rombicas,,52,168,,,,Março/1962
Noticiario industrial,,54,168,,,,Março/1962
O Tecnetron,,56,168,,,,Março/1962
Eletrônca industrial: fontes de alimentação para altas correntes,,59,168,,,,Março/1962
Retardamento acústico por meio da gravação magnética,,61,168,,,,Março/1962
Quebra-cabeças,,64,168,,,,Março/1962
Os condensadores,,91,168,,,,Março/1962
Conte-nos como foi,,97,168,,,,Março/1962
Novo kit de televisão: Galaxie 19M4,,106,168,,,,Março/1962
Consultas,,111,168,,,,Março/1962
Circuito Comercial (GE modelo MSR-009),,120,168,,,,Março/1962
O teste de transistores no próprio receptor,,33,169,,,,Abril/1962
Monitor eletrônico,,38,169,,,,Abril/1962
Bancada de serviço,,41,169,,,,Abril/1962
Transistores PNP e suas aplicações,,44,169,,,,Abril/1962
Livros em revista,,47,169,,,,Abril/1962
Como funcionam os relés (2a Parte),,48,169,,,,Abril/1962
A fuga entre filamento e catodo,,51,169,,,,Abril/1962
Caixas acústicas especiais,,55,169,,,,Abril/1962
Regulamentadas as retransmissões de televisão,,59,169,,,,Abril/1962
Redução do tamanho das antenas direcionais,,59,169,,,,Abril/1962
Quebra-cabeças,,64,169,,,,Abril/1962
Os acumuladores,,83,169,,,,Abril/1962
Consultas,,100,169,,,,Abril/1962
Geradorde sinais economico,,33,170,,,,Maio/1962
Problemas nas ligações à terra,,37,170,,,,Maio/1962
Controle automático de ganho nos televisores,,40,170,,,,Maio/1962
Captando TV à distância,,45,170,,,,Maio/1962
O filamento escuro,,47,170,,,,Maio/1962
Bancada de serviço,,50,170,,,,Maio/1962
Novo amplificador de alta fielidade,,53,170,,,,Maio/1962
Noticiario industrial,,56,170,,,,Maio/1962
Circuito Push-pull com um só transistor,,58,170,,,,Maio/1962
Caixas acústicas especiais,,60,170,,,,Maio/1962
Quebra-cabeças,,63,170,,,,Maio/1962
Circuito Comercial (Philco B-450),,64,170,,,,Maio/1962
Áudio-análise com osciloscópio,,87,170,,,,Maio/1962
Os condensadores (2a parte),,106,170,,,,Maio/1962
Consultas,,111,170,,,,Maio/1962
Treinador eletrônico,,124,170,,,,Maio/1962
Multi-acopladores para TV,,35,171,,,,Junho/1962
A estereofonia,,39,171,,,,Junho/1962
Fasador estereofônico,,45,171,,,,Junho/1962
CAG nos televisores (2a parte),,47,171,,,,Junho/1962
Oscilação e regeneração nos transistorizados,,52,171,,,,Junho/1962
Bancada de serviço,,56,171,,,,Junho/1962
Carfone El Dorado,,59,171,,,,Junho/1962
Livros em revista,,62,171,,,,Junho/1962
Televisor transistorizado portátil,,64,171,,,,Junho/1962
Quebra-cabeças,,66,171,,,,Junho/1962
Os condensadores (3a parte),,87,171,,,,Junho/1962
Conversão direta de energia,,100,171,,,,Junho/1962
O tatú,,111,171,,,,Junho/1962
Consultas,,119,171,,,,Junho/1962
Medidor de campo para TV,,33,172,,,,Julho/1962
Filtros contra interferência em TV,,35,172,,,,Julho/1962
Novo transistorizado de 3 faixas,,41,172,,,,Julho/1962
O projeto Telstar,,44,172,,,,Julho/1962
Bancada de serviço,,49,172,,,,Julho/1962
Voltímetro-Wattimetro para testes em áudio,,52,172,,,,Julho/1962
Injetor de sinais transistorizado,,55,172,,,,Julho/1962
Equivalência entre transistores japonêses e americanos,,57,172,,,,Julho/1962
Noticiário Industrial,,58,172,,,,Julho/1962
A válvula 6EM5 e suas aplicações,,59,172,,,,Julho/1962
Quebra-cabeças,,64,172,,,,Julho/1962
Os condensadores (4a Parte),,85,172,,,,Julho/1962
Circuito Comercial (Hitachi WH-829H),,91,172,,,,Julho/1962
Fonte de alimentação para transistores,,94,172,,,,Julho/1962
O projeto de transformadores de força,,101,172,,,,Julho/1962
Consultas,,114,172,,,,Julho/1962
O conserto de sintonizadores de TV,,33,173,,,,Agosto/1962
Bancada,,36,173,,,,Agosto/1962
Como funciona o Sonar,,39,173,,,,Agosto/1962
Repare seu osciloscópio,,45,173,,,,Agosto/1962
Oscilador transistorizado para rádio-consertos,,51,173,,,,Agosto/1962
Instabilidade do Oscilador horizontal,,55,173,,,,Agosto/1962
Tolerâncias e valores padrão,,60,173,,,,Agosto/1962
Quebra-cabeças,,64,173,,,,Agosto/1962
Medidores de frequencia,,85,173,,,,Agosto/1962
Unidade simples de reverberação,,94,173,,,,Agosto/1962
Livros em revista,,106,173,,,,Agosto/1962
Nova fábrica de alto falantes,,114,173,,,,Agosto/1962
Consultas,,116,173,,,,Agosto/1962
Problemas do dobramento vertical,,33,174,,,,Setembro/1962
A amplificação de vídeo,,36,174,,,,Setembro/1962
Funcionamento instantâneo para receptores,,39,174,,,,Setembro/1962
Calibração de receptores FM,,40,174,,,,Setembro/1962
Transceptor transistorizado,,45,174,,,,Setembro/1962
Aplicações incomuns dos relés,,48,174,,,,Setembro/1962
Bancada de serviço,,54,174,,,,Setembro/1962
Melhorando sistemas de public-address,,57,174,,,,Setembro/1962
Noticiario industrial,,60,174,,,,Setembro/1962
Aproveite seu pesquizador de sinais,,61,174,,,,Setembro/1962
Quebra-cabeças,,64,174,,,,Setembro/1962
Código de cores,,85,174,,,,Setembro/1962
O Yoke,,95,174,,,,Setembro/1962
Preamplificadores para alta fidelidade,,110,174,,,,Setembro/1962
Consultas,,121,174,,,,Setembro/1962
Intercomunicador de 7 estações,,35,175,,,,Outubro/1962
Os cristais de quartzo,,39,175,,,,Outubro/1962
Os relés na eletrônica,,44,175,,,,Outubro/1962
Transistores na técnica dos pulsos,,49,175,,,,Outubro/1962
Bancada de serviço,,53,175,,,,Outubro/1962
Defeitos intermitentes e seu conserto,,56,175,,,,Outubro/1962
Conversores transistorizados,,60,175,,,,Outubro/1962
A impedância caracteristica,,64,175,,,,Outubro/1962
Quebra-cabeças,,66,175,,,,Outubro/1962
Um receptor superheterodino de fácil construção,,83,175,,,,Outubro/1962
As antenas helicoidais,,94,175,,,,Outubro/1962
O Minijet 15,,100,175,,,,Outubro/1962
Circuito Comercial,,104,175,,,,Outubro/1962
Livros em revista,,105,175,,,,Outubro/1962
Assunto da capa,,109,175,,,,Outubro/1962
Consultas,,113,175,,,,Outubro/1962
O Brasil e o projeto Relay,,35,176,,,,Novembro/1962
Substituição de alta tensão,,37,176,,,,Novembro/1962
Instalando emissoras de rádio e TV (1a Parte),,40,176,,,,Novembro/1962
Termistores na indústria,,42,176,,,,Novembro/1962
Gerador de áudio,,47,176,,,,Novembro/1962
Bancada de serviço,,51,176,,,,Novembro/1962
Tabela de transistores (1a Parte),,55,176,,,,Novembro/1962
Diatermia,,61,176,,,,Novembro/1962
Circuito Comercial,,65,176,,,,Novembro/1962
Quebra-cabeças,,66,176,,,,Novembro/1962
Transistores na técnica dos pulsos: o multivibrador oscilante,,85,176,,,,Novembro/1962
Altofalantes de audição pública,,94,176,,,,Novembro/1962
"O Galaxy 23E46, novo kit de TV",,99,176,,,,Novembro/1962
Amplificador estereofônico tridimensional,,103,176,,,,Novembro/1962
Consultas,,119,176,,,,Novembro/1962
Noticiario industrial,,120,176,,,,Novembro/1962
A televisão em circuito fechado,,39,177,,,,Dezembro/1962
Osciladores a cristal,,45,177,,,,Dezembro/1962
"RATAN, televisão-radar portuário",,50,177,,,,Dezembro/1962
O projeto fácil de bobinas para OC,,54,177,,,,Dezembro/1962
Instalando emissoras de TV (2a Parte),,59,177,,,,Dezembro/1962
Analisador de ignição,,62,177,,,,Dezembro/1962
Circuito Comercial,,67,177,,,,Dezembro/1962
Quebra-cabeças,,68,177,,,,Dezembro/1962
Os transistores na técnica dos pulsos,,95,177,,,,Dezembro/1962
Bancada de serviço,,99,177,,,,Dezembro/1962
Tabela de transistores (2a Parte),,102,177,,,,Dezembro/1962
Conte-nos como foi,,109,177,,,,Dezembro/1962
Seção do principiante: Os acumuladores ,,112,177,,,,Dezembro/1962
As controvérsias da televisão,,124,177,,,,Dezembro/1962
Telecomunicações em VHF,,127,177,,,,Dezembro/1962
Livros em revista,,141,177,,,,Dezembro/1962
Fotômetro eletrônico,,142,177,,,,Dezembro/1962
Índice geral dos artigos em 1962,,149,177,,,,Dezembro/1962
Medindo a potência com o osciloscópio,,33,178,,,,Janeiro/1963
O multivibrador monoestável acoplado pelo coletor (conclusão),,38,178,,,,Janeiro/1963
Bobinas móveis planas fazem falantes mais delgados,,42,178,,,,Janeiro/1963
Bancada de serviço,,44,178,,,,Janeiro/1963
Instalando emissoras de rádio e televisão (3a Parte),,47,178,,,,Janeiro/1963
Tabela de transistores (3a Parte),,50,178,,,,Janeiro/1963
Válvulas Nuvistor,,55,178,,,,Janeiro/1963
Auxílios de rádio à navegação aérea,,59,178,,,,Janeiro/1963
Circuito Comercial,,63,178,,,,Janeiro/1963
Quebra-cabeças,,64,178,,,,Janeiro/1963
Conversor de potência tansistorizado,,77,178,,,,Janeiro/1963
Metrônomo eletrônico,,83,178,,,,Janeiro/1963
Novo provador de válvulas e transistores,,86,178,,,,Janeiro/1963
Noticiario industrial,,91,178,,,,Janeiro/1963
Telecomunicações em VHF (2a Parte),,93,178,,,,Janeiro/1963
Consultas,,103,178,,,,Janeiro/1963
Amplificador estereofônico sem transformador de saída,,33,179,,,,Fevereiro/1963
Curvas características dos transistores,,36,179,,,,Fevereiro/1963
Teste os transistores de 3 maneiras,,40,179,,,,Fevereiro/1963
As guias de onda,,44,179,,,,Fevereiro/1963
Compreenda o microfone,,49,179,,,,Fevereiro/1963
Algumas experiências com o aquecimento indutivo,,55,179,,,,Fevereiro/1963
Bancada de serviço,,58,179,,,,Fevereiro/1963
Livros em revista,,60,179,,,,Fevereiro/1963
O seguidor de catodo,,61,179,,,,Fevereiro/1963
Telecomunicações em VHF (3a parte),,77,179,,,,Fevereiro/1963
Instalando emissoras de rádio e TV (3a Parte),,81,179,,,,Fevereiro/1963
O multivibrador monoestável acoplado pelo emissor,,85,179,,,,Fevereiro/1963
Quebra-cabeças,,89,179,,,,Fevereiro/1963
Sonofletor em labirinto,,90,179,,,,Fevereiro/1963
Serão criminosos os retransmissores de TV?,,92,179,,,,Fevereiro/1963
Tabela de transistores (4a parte),,101,179,,,,Fevereiro/1963
A calibração do gerador de sinais,,33,180,,,,Março/1963
Auxílios de rádio à navegação aérea,,35,180,,,,Março/1963
Compreenda o microfone (parte II),,38,180,,,,Março/1963
Identificação por impressões sonoras,,43,180,,,,Março/1963
Voltímetro de escala expandida,,44,180,,,,Março/1963
Como melhorar um bi-transistorizado,,46,180,,,,Março/1963
Bancada de serviço,,49,180,,,,Março/1963
Use as ondas quadradas,,52,180,,,,Março/1963
O cálculo dos transformadores para transistores,,56,180,,,,Março/1963
O Conserto de gravadores de fita econômicos,,60,180,,,,Março/1963
Quebra-cabeças,,64,180,,,,Março/1963
Instalando emissoras de rádio e TV (5a Parte),,81,180,,,,Março/1963
Tabela de transistores (5a parte),,88,180,,,,Março/1963
Seção do principiante,,94,180,,,,Março/1963
Telecomunicações em VHF (4a Parte),,104,180,,,,Março/1963
Auto-rádio com 6 transistores,,113,180,,,,Março/1963
O multi-vibrador bi-estável,,124,180,,,,Março/1963
Circuito Comercial,,130,180,,,,Março/1963
Noticiário Industrial,,131,180,,,,Março/1963
Conte-nos como foi,,132,180,,,,Março/1963
Consultas,,141,180,,,,Março/1963
Utilize seu osciloscópio,,35,181,,,,Abril/1963
Serviços técnicos em rádios transistorizados,,40,181,,,,Abril/1963
Pesquisador de sinais sintonizado,,42,181,,,,Abril/1963
Teste de diodos com osciloscópio,,48,181,,,,Abril/1963
Tabela de transistores (6a parte),,49,181,,,,Abril/1963
Um doente no espaço (Telstar),,53,181,,,,Abril/1963
Fasamento e balanceio dos sistemas acústicos,,55,181,,,,Abril/1963
Instalando emissoras de rádio e TV (Parte VI),,57,181,,,,Abril/1963
Resistores de valor standard – Diagrama para cálculos,,60,181,,,,Abril/1963
Novos gravadores video-tape,,63,181,,,,Abril/1963
Livros e revistas,,65,181,,,,Abril/1963
Quebra-cabeças,,66,181,,,,Abril/1963
Conte-nos como foi,,88,181,,,,Abril/1963
Bancada de serviço,,93,181,,,,Abril/1963
Telecomunicações em VHF (5a Parte),,104,181,,,,Abril/1963
"Binários não saturados, binários de acoplamento direto",,120,181,,,,Abril/1963
As pontas de prova,,128,181,,,,Abril/1963
Cinema sonoro,,131,181,,,,Abril/1963
Consultas,,136,181,,,,Abril/1963
As formas de onda mistas e o osciloscópio,,33,182,,,,Maio/1963
Monograma de conversão – Características de válvulas,,39,182,,,,Maio/1963
Amplificador transistorizado diferente,,41,182,,,,Maio/1963
Telecomunicações em VHF,,43,182,,,,Maio/1963
Cinema sonoro,,50,182,,,,Maio/1963
A comutação eletrônica e o osciloscópio,,57,182,,,,Maio/1963
Tabela de transistores (7a Parte),,60,182,,,,Maio/1963
Quebra-cabeças,,64,182,,,,Maio/1963
Como se medem as radiações atômicas,,81,182,,,,Maio/1963
Retransmissores “cifrados” para televisão,,87,182,,,,Maio/1963
Novo amplificador Hi-Fi,,96,182,,,,Maio/1963
Bancada de serviço,,101,182,,,,Maio/1963
Os computadores e a lâmpada neon,,104,182,,,,Maio/1963
Transistores na técnica dos pulsos – O disparador Schmitt,,120,182,,,,Maio/1963
Serviços técnicos em rádios transistorizados,,128,182,,,,Maio/1963
Noticiario industrial,,132,182,,,,Maio/1963
Conte-nos como foi,,134,182,,,,Maio/1963
Consultas,,136,182,,,,Maio/1963
Correção de brilho e presença nos sistemas de áudio,,140,182,,,,Maio/1963
Duplique a utilidade do seu VAV,,33,183,,,,Junho/1963
Cinema sonoro (3a parte),,35,183,,,,Junho/1963
Mate seus problemas com as leis de Kirchhoff,,39,183,,,,Junho/1963
Serviços técnicos em receptores transistorisados (parte III),,43,183,,,,Junho/1963
"Transistores NPN, Trinistores e Thyristores",,45,183,,,,Junho/1963
Bancada de serviço,,50,183,,,,Junho/1963
Livros em revista,,53,183,,,,Junho/1963
Gerador de pulsos singelos,,54,183,,,,Junho/1963
Circuito Comercial,,57,183,,,,Junho/1963
Amplificador estereofônico de baixo custo,,58,183,,,,Junho/1963
Elimine aquelas barras verticais e o dobramento horizontal,,62,183,,,,Junho/1963
Quebra-cabeças,,64,183,,,,Junho/1963
Instalando emissoras de rádio e TV (Parte VII),,73,183,,,,Junho/1963
As guias de onda (2a parte),,75,183,,,,Junho/1963
Tabela de transistores (8a parte),,86,183,,,,Junho/1963
Um Receptor miniatura de bolso,,97,183,,,,Junho/1963
Telecomunicações em VHF (7a parte),,105,183,,,,Junho/1963
Assunto da capa,,113,183,,,,Junho/1963
Consultas,,117,183,,,,Junho/1963
Experimente polarização fixa em todos os estagios,,39,184,,,,Julho/1963
Serviços técnicos em receptores transistorizados (parte IV),,43,184,,,,Julho/1963
Incorpore um injetor de sinais em su VAV,,45,184,,,,Julho/1963
Transdutores,,47,184,,,,Julho/1963
Torne simples seus problemas complexos,,52,184,,,,Julho/1963
Bancada de serviço,,55,184,,,,Julho/1963
Receptor mono-transistorizado autogênico,,58,184,,,,Julho/1963
Técnica dos pulsos: Oscilador de bloqueio,,60,184,,,,Julho/1963
Instalando emissoras de rádio e televisão – (Parte VIII),,64,184,,,,Julho/1963
Conte-nos como foi,,68,184,,,,Julho/1963
Quebra-cabeças,,70,184,,,,Julho/1963
Televisão em cores,,79,184,,,,Julho/1963
Determinação fácil da temperatura em transformadores,,82,184,,,,Julho/1963
Tabela de transistores (9a Parte),,84,184,,,,Julho/1963
Telecomunicações em VHF (8a Parte),,85,184,,,,Julho/1963
Noticiario industrial,,103,184,,,,Julho/1963
Consultas,,107,184,,,,Julho/1963
Circuito comercial – Voltix modelo 2RT7,,108,184,,,,Julho/1963
Misturador-Préamplificador de 2 canais,,37,185,,,,Agosto/1963
Teste as características dos diodos com o multitester,,40,185,,,,Agosto/1963
Sintonizador FM,,43,185,,,,Agosto/1963
Bancada de serviço,,50,185,,,,Agosto/1963
Condensadores anti-trepidação,,53,185,,,,Agosto/1963
Tabela de equivalências: Válvulas Européias – Americanas,,55,185,,,,Agosto/1963
Livros em revista,,58,185,,,,Agosto/1963
O uso de transformadores em áudio,,59,185,,,,Agosto/1963
Cabeça reprodutora por nuvem eletrônica,,65,185,,,,Agosto/1963
Determinação da impedância primária de transformadores de saída,,66,185,,,,Agosto/1963
Quebra-cabeças,,68,185,,,,Agosto/1963
Televisão em cores (2a parte),,77,185,,,,Agosto/1963
Telecomunicações em VHF (9a Parte),,81,185,,,,Agosto/1963
Acopladores de antena de TV,,91,185,,,,Agosto/1963
Assunto de Capa ,,104,185,,,,Agosto/1963
Consultas,,107,185,,,,Agosto/1963
Montagem de um osciloscópio,,33,186,,,,Setembro/1963
Intercomunicador sem transformador,,39,186,,,,Setembro/1963
Telecomunicações em VHF (10a Parte),,41,186,,,,Setembro/1963
O pulsador,,45,186,,,,Setembro/1963
Servições técnicos em receptores transistorizados (Parte V),,47,186,,,,Setembro/1963
O receptor superhetrodino,,49,186,,,,Setembro/1963
Áudio-voltimetro e pré-amplificador,,53,186,,,,Setembro/1963
Bancada de serviço,,57,186,,,,Setembro/1963
Transistores na técnica dos pulsos: inversores e conversores,,59,186,,,,Setembro/1963
Quebra-cabeças,,64,186,,,,Setembro/1963
Tabela de transistores (10a parte),,73,186,,,,Setembro/1963
Assunto da capa – Kit show transistor,,80,186,,,,Setembro/1963
Circuito comercial – NEC modelo NT-720,,84,186,,,,Setembro/1963
Televisão em cores (parte III) – O sinal de TV colorida,,94,186,,,,Setembro/1963
Noticiario industrial,,99,186,,,,Setembro/1963
Consultas,,105,186,,,,Setembro/1963
Verifique os transistores com o seu osciloscópio,,35,187,,,,Outubro/1963
Os multiplicadores de frequência,,39,187,,,,Outubro/1963
Cambiador automático de fita com 15 horas de reprodução,,43,187,,,,Outubro/1963
O Transistor,,45,187,,,,Outubro/1963
Instalando emissoras de rádio e TV (parte IX),,50,187,,,,Outubro/1963
Fontes de alimentação reguladas,,52,187,,,,Outubro/1963
Bancada de serviço,,57,187,,,,Outubro/1963
Reparações de seletor de canais,,60,187,,,,Outubro/1963
Tabela de transistores (11a parte),,64,187,,,,Outubro/1963
Melhore som e imagem no seu TV,,79,187,,,,Outubro/1963
Livros em revista,,84,187,,,,Outubro/1963
Televisão em cores (Parte IV) – A modulação do sinal de crominância,,87,187,,,,Outubro/1963
Quebra-cabeças,,92,187,,,,Outubro/1963
Amplificador push-pull com duas válvulas,,104,187,,,,Outubro/1963
Sono sintético,,109,187,,,,Outubro/1963
Assunto da capa – Sintonizador FM Stevenson,,111,187,,,,Outubro/1963
"Circuito comercial (VOLTIX, modelo 2RT6",,116,187,,,,Outubro/1963
Consultas,,117,187,,,,Outubro/1963
A pilha seca vista por dentro,,33,188,,,,Novembro/1963
Calibração de seletores de canais,,40,188,,,,Novembro/1963
Melhorando os graves de Hi-Fi,,43,188,,,,Novembro/1963
As válvulas Compactron,,47,188,,,,Novembro/1963
As interferências,,50,188,,,,Novembro/1963
Defeitos incomuns nos circuitos de deflexão vertical,,54,188,,,,Novembro/1963
Bancada de serviço,,57,188,,,,Novembro/1963
Instalando emissoras de rádio e televisão – (Parte X),,60,188,,,,Novembro/1963
Curcuito comercial (General Electric Mod. MSR-031),,53,188,,,,Novembro/1963
Quebra-cabeças,,64,188,,,,Novembro/1963
Fontes de alimentação reguladas (II – Diodos Zener),,77,188,,,,Novembro/1963
Noticiario industrial,,82,188,,,,Novembro/1963
Resistores VDR,,88,188,,,,Novembro/1963
Tabela de transistores (12a. Parte),,101,188,,,,Novembro/1963
O transistor (Parte II),,105,188,,,,Novembro/1963
Consultas,,109,188,,,,Novembro/1963
Antena Log-Periódica em V,,41,189,,,,Dezembro/1963
Sonofletor híbrido com carga por fricção,,47,189,,,,Dezembro/1963
Utilizando resistores VDR,,50,189,,,,Dezembro/1963
"Música por toda a casa, sem fios",,53,189,,,,Dezembro/1963
Os novos cinescópios para TV,,56,189,,,,Dezembro/1963
Fontes de alimentação reguladas – (III – Reguladores degenerativos com válvulas),,59,189,,,,Dezembro/1963
Adicione um medidor de fuga ao seu VAV,,65,189,,,,Dezembro/1963
Bancada de serviço,,67,189,,,,Dezembro/1963
Problemas na troca de seletores,,70,189,,,,Dezembro/1963
Conte-nos como foi,,75,189,,,,Dezembro/1963
Amplificador CC estabilizado a diodo,,76,189,,,,Dezembro/1963
Televisão em côres (Parte V) – Amplitudes relativas dos sinais,,93,189,,,,Dezembro/1963
Amplificador de circuito impresso,,101,189,,,,Dezembro/1963
O Transistor (Parte III),,107,189,,,,Dezembro/1963
Instalando emissoras de rádio e TV (Parte XI),,117,189,,,,Dezembro/1963
Livros e revistas,,127,189,,,,Dezembro/1963
As interferências (conclusão),,128,189,,,,Dezembro/1963
Circuito comercial – Voltix Mod. 1RT9,,134,189,,,,Dezembro/1963
Quebra-cabeças,,135,189,,,,Dezembro/1963
Consultas,,138,189,,,,Dezembro/1963
Índice geral dos artigos publicados no ano de 1963,,149,189,,,,Dezembro/1963
Novos truques com diodos,,35,190,,,,Janeiro/1964
Televisão em cores – Parte VI – O receptor de TV colorida,,39,190,,,,Janeiro/1964
Radar Meteorológico,,43,190,,,,Janeiro/1964
O detetor de fase nos receptores de TV,,48,190,,,,Janeiro/1964
Aparelhos eletronicos industriais,,52,190,,,,Janeiro/1964
Bancada de serviço,,56,190,,,,Janeiro/1964
Injetor de Marcas,,59,190,,,,Janeiro/1964
Tabela de Compactrons – Equivalencias,,63,190,,,,Janeiro/1964
Noticiario industrial,,66,190,,,,Janeiro/1964
O Transistor – Parte IV,,79,190,,,,Janeiro/1964
Tabela de transistores (conclusão),,88,190,,,,Janeiro/1964
Quebra-cabeças,,91,190,,,,Janeiro/1964
Está em dificuldades com o zumbido?,,93,190,,,,Janeiro/1964
Como preparar circuitos impressos,,103,190,,,,Janeiro/1964
Consultas,,110,190,,,,Janeiro/1964
Retransmissores de TV,,33,192,,,,Março/1964
Melhorando os estágios de saída simples,,37,192,,,,Março/1964
Substituição de válvulas nos receptores de rádio,,39,192,,,,Março/1964
O Transistor – V Parte,,44,192,,,,Março/1964
Livros em revista,,48,192,,,,Março/1964
Bancada,,49,192,,,,Março/1964
Aparelhos eletronicos industriais – Protótipo II,,52,192,,,,Março/1964
Consertando gravadores de fita - 2a parte,,55,192,,,,Março/1964
Tabela de Equivalências de transistores,,60,192,,,,Março/1964
Quebra-cabeças,,64,192,,,,Março/1964
Televisão em cores (VII),,73,192,,,,Março/1964
O ôhmetro como provador de transistores,,82,192,,,,Março/1964
"Conversores de UHF, para TV (Assunto de capa)",,95,192,,,,Março/1964
Consultas,,99,192,,,,Março/1964
Atenuador de ronco,,104,192,,,,Março/1964
Consertando gravadores de fita – 3a. Parte,,33,193,,,,Abril/1964
Receptor de TV com válvulas Compactrons,,37,193,,,,Abril/1964
Os condensadores cerâmicos,,40,193,,,,Abril/1964
Circuitos Baxandall modificado,,43,193,,,,Abril/1964
Aparelhos eletrônicos industriais (o protótipo III),,44,193,,,,Abril/1964
Noticiário Industrial,,48,193,,,,Abril/1964
Bancada,,49,193,,,,Abril/1964
Retificadores de Silício controlados,,52,193,,,,Abril/1964
Amplificadores de FI nos receptores de TV – 1a. Parte,,56,193,,,,Abril/1964
Retransmissores de TV - 2a Parte,,60,193,,,,Abril/1964
Quebra-cabeças,,64,193,,,,Abril/1964
Televisão em cores (VIII),,73,193,,,,Abril/1964
Tabela de Equivalências de transistores,,82,193,,,,Abril/1964
Amplificador com circuito impresso,,89,193,,,,Abril/1964
Consultas,,96,193,,,,Abril/1964
Microminiaturização,,33,194,,,,Maio/1964
Televisão em cores (IX),,39,194,,,,Maio/1964
Adaptações para HI-FI,,45,194,,,,Maio/1964
Controle automático de brilho e contraste,,49,194,,,,Maio/1964
Cosertando gravadores de fita (4a parte),,53,194,,,,Maio/1964
Bancada,,58,194,,,,Maio/1964
Retransmissores de TV (3a Parte),,61,194,,,,Maio/1964
Quebra-cabeças,,64,194,,,,Maio/1964
Calibração de receptores de Rádio Superheterodinos (Seção do principiante),,73,194,,,,Maio/1964
Aparelhos eletronicos industriais,,78,194,,,,Maio/1964
O Transistor (VI parte),,91,194,,,,Maio/1964
Tabela de Equivalências de transistores,,96,194,,,,Maio/1964
Livros em revistas,,99,194,,,,Maio/1964
Consultas,,100,194,,,,Maio/1964
Cuidado com os circuitos de deflexão,,33,195,,,,Junho/1964
Reparação de circuitos impressos,,36,195,,,,Junho/1964
Amplificador de FI nos receptores de TV (2a Parte),,39,195,,,,Junho/1964
Aparelhos eletronicos industriais,,43,195,,,,Junho/1964
Televisão em cores ( X ),,47,195,,,,Junho/1964
Bancada,,56,195,,,,Junho/1964
Consertando gravadores de fita – conclusão,,59,195,,,,Junho/1964
Retransmissores de TV (3a Parte),,64,195,,,,Junho/1964
O transistor (VII Parte),,75,195,,,,Junho/1964
Quebra cabeças,,81,195,,,,Junho/1964
Câmara fotográfica transistorizada,,84,195,,,,Junho/1964
Noticiário Industrial,,92,195,,,,Junho/1964
Aplicações do SCR,,106,195,,,,Junho/1964
Consultas,,106,195,,,,Junho/1964
Construa uma ponte de indutâncias,,33,196,,,,Julho/1964
Um oscilador transistorizado para prática da telegrafia,,36,196,,,,Julho/1964
A escolha da ponta de prova,,41,196,,,,Julho/1964
Microfonia em receptores de AM,,44,196,,,,Julho/1964
Televisão em cores ( XI ),,46,196,,,,Julho/1964
As 7 vidas do tubo de imagem,,49,196,,,,Julho/1964
Bancada,,52,196,,,,Julho/1964
Amplificadores de FI nos receptores de TV (3a parte),,55,196,,,,Julho/1964
Princípio do Radar localiza falhas em linhas de transmissão,,59,196,,,,Julho/1964
Livros em revista,,60,196,,,,Julho/1964
Sistema de sintonia automática por busca de emissoras,,61,196,,,,Julho/1964
Quebra Cabeças,,64,196,,,,Julho/1964
O transistor (VI parte),,77,196,,,,Julho/1964
Um receptor com circuito impresso,,90,196,,,,Julho/1964
Tabela de equivalência de transistores,,98,196,,,,Julho/1964
Retransmissores de TV ( V ),,105,196,,,,Julho/1964
Consultas,,111,196,,,,Julho/1964
Sistema eletronico de ignição para automóveis,,33,197,,,,Agosto/1964
Os diodos zener como proteção de componentes e circuitos,,37,197,,,,Agosto/1964
Experimente usar varredura na calibração de AM,,41,197,,,,Agosto/1964
Os resistores e seus valores aparentemente sem nexo,,44,197,,,,Agosto/1964
Cuide de seus instrumentos,,45,197,,,,Agosto/1964
A ponte de filtro em T,,49,197,,,,Agosto/1964
Televisão em cores – Parte XII,,54,197,,,,Agosto/1964
Bancada,,60,197,,,,Agosto/1964
Noticiário industrial,,63,197,,,,Agosto/1964
Quebra-cabeças,,64,197,,,,Agosto/1964
Introdução a comunicação por banda lateral singela,,73,197,,,,Agosto/1964
Conte-nos como foi,,78,197,,,,Agosto/1964
Tabela de equivalência de transistores,,89,197,,,,Agosto/1964
Novo televisor de 58 cm (23”) (Assunto de capa),,94,197,,,,Agosto/1964
Respostas do quebra-cabeças,,96,197,,,,Agosto/1964
O transistor – Parte VI,,97,197,,,,Agosto/1964
Retransmissores de Televisão – Parte V (2-a),,100,197,,,,Agosto/1964
Consultas,,104,197,,,,Agosto/1964
